slug,provider,offer,actionButtons,toolType,programmingLanguage,tag,description,planType,planName,price,trial,starred,dependencies,latestKnownVersion,latestKnownReleaseDate,maintainer,license
0x-cert,0xCert,,"[""[Website](https://github.com/0xcert/framework/)""]",Framework,JavaScript,"[""0xcert"",""Blockchain"",""dApp"",""Decentralized applications""]","Provides a comprehensive suite of tools for building decentralized applications that manage digital assets, specifically non-fungible tokens and fungible tokens, across multiple blockchains",Free,,$0,FALSE,FALSE,,TBD,TBD,TBD,TBD
abitype,wevm,,"[""[Docs](https://abitype.dev/)"",""[GitHub](https://github.com/wevm/abitype)""]",Library,TypeScript,"[""Ethereum"",""TypeScript"",""ABI types"",""Type inference""]","Strict TypeScript types and utilities for Ethereum ABIs, enabling type-safe contract interactions and ABI inference.",Public,,$0,FALSE,FALSE,,,,,
alchemy-sdk-enterprise,Alchemy,SDK,"[""[Contact](https://www.alchemy.com/contact-sales)"",""[Docs](https://www.alchemy.com/docs)""]",SDK,TBD,"[""Web3 development"",""Blockchain developer tools"",""Ethereum development"",""dApp development""]","It is a powerful JavaScript/TypeScript library that serves as the core of Alchemy's comprehensive web3 development platform, allowing developers to easily connect their decentralized applications to various blockchains and leverage enhanced developer tools and infrastructure",Enterprise,,Custom,FALSE,FALSE,,TBD,TBD,TBD,TBD
alchemy-sdk-free,Alchemy,SDK,"[""[Docs](https://www.alchemy.com/docs)""]",SDK,TBD,"[""Web3 development"",""Blockchain developer tools"",""Ethereum development"",""dApp development""]","It is a powerful JavaScript/TypeScript library that serves as the core of Alchemy's comprehensive web3 development platform, allowing developers to easily connect their decentralized applications to various blockchains and leverage enhanced developer tools and infrastructure",Free,,$0,FALSE,FALSE,,TBD,TBD,TBD,TBD
alchemy-sdk-pay-as-you-go,Alchemy,SDK,"[""[Buy](https://www.alchemy.com/pricing)"",""[Docs](https://www.alchemy.com/docs)""]",SDK,TBD,"[""Web3 development"",""Blockchain developer tools"",""Ethereum development"",""dApp development""]","It is a powerful JavaScript/TypeScript library that serves as the core of Alchemy's comprehensive web3 development platform, allowing developers to easily connect their decentralized applications to various blockchains and leverage enhanced developer tools and infrastructure",Pay-as-you-go,,$5/$45/$215/$415/$815/$2K per 11M/100M/500M/1B/2B/5B CUs,FALSE,FALSE,,TBD,TBD,TBD,TBD
algokit-avm-debugger,Algorand,AlgoKit AVM Debugger,"[""[GitHub](https://github.com/algorandfoundation/algokit-avm-debugger)"",""[npm](https://www.npmjs.com/package/@algorandfoundation/algokit-avm-debugger)""]",Debugger,TEAL,"[""AVM"",""Debug Adapter Protocol"",""Execution traces"",""Smart contracts""]","Standalone debug adapter that replays Algorand simulate traces for step-through AVM contract debugging and supports CLI, server, and programmatic use.",Public,,$0,FALSE,FALSE,"[""@vscode/debugadapter@^1.64.0"",""algosdk@^3.0.0"",""await-notify@^1.0.1""]",,,Algorand Foundation,
algokit-avm-vscode-debugger,Algorand,AlgoKit AVM VS Code Debugger,"[""[GitHub](https://github.com/algorandfoundation/algokit-avm-vscode-debugger)""]",Debugger,TEAL,"[""AVM"",""Debugger"",""Smart Contracts""]","VS Code debugger for stepping through Algorand AVM smart contract execution with breakpoints, source mapping, and state inspection.",Public,,$0,FALSE,FALSE,"[""@algorandfoundation/algokit-avm-debugger@^1.0.2"",""algosdk@^3.0.0"",""lodash@^4.17.21""]",,,,
algokit-cli,Algorand,AlgoKit CLI,"[""[GitHub](https://github.com/algorandfoundation/algokit-cli)""]",CLI,"Python, TypeScript","[""CLI"",""Development"",""LocalNet""]","Official command-line toolkit for Algorand development, project scaffolding, builds, deployments, and LocalNet management.",Public,,$0,FALSE,FALSE,"[""algokit-utils@<5.0.0,>=4.0.1"",""click@==8.1.8"",""copier@<10.0.0,>=9.11.3"",""cryptography@<45.0.0,>=44.0.2"",""httpx@<=0.28.1,>=0.23.1"",""jsondiff@<3.0.0,>=2.0.0"",""keyring@==25.6.0"",""mslex@<2.0.0,>=1.1.0"",""multiformats@==0.3.1"",""multiformats_config@==0.3.1"",""prompt_toolkit@==3.0.51"",""pyclip@<0.8.0,>=0.7.0"",""pyjwt@<3.0.0,>=2.10.1"",""python-dotenv@<2.0.0,>=1.0.0"",""pywin32@<312,>=311; sys_platform == \""win32\"""",""questionary@<2.0.0,>=1.10.0"",""requests@<3.0.0,>=2.31.0"",""shellingham@<2.0.0,>=1.5.4"",""textual@<4.0.0,>=3.0.1"",""tomli@<3.0.0,>=2.0.1; python_version < \""3.11\""""]",,,,
algokit-client-generator-py,Algorand,AlgoKit Python Client Generator,"[""[GitHub](https://github.com/algorandfoundation/algokit-client-generator-py)""]",Code Generator,Python,"[""ARC-32"",""ARC-56"",""Client Generation""]",Generates type-safe Python clients from ARC-32 or ARC-56 Algorand application specifications.,Public,,$0,FALSE,FALSE,,,,,
algokit-client-generator-ts,Algorand,AlgoKit TypeScript Client Generator,"[""[GitHub](https://github.com/algorandfoundation/algokit-client-generator-ts)""]",Code Generator,TypeScript,"[""ARC-32"",""ARC-56"",""Client Generation""]",Generates type-safe TypeScript clients from ARC-32 or ARC-56 Algorand application specifications.,Public,,$0,FALSE,FALSE,,,,,
algokit-subscriber-py,Algorand,AlgoKit Subscriber Python,"[""[GitHub](https://github.com/algorandfoundation/algokit-subscriber-py)""]",Library,Python,"[""Algorand"",""Transaction subscriptions"",""Indexing"",""ARC-28 events""]","Flexible Algorand transaction subscription and indexing library for Python services, with filtering, watermarking, and ARC-28 event support.",Public,,$0,FALSE,FALSE,"[""py-algorand-sdk@<3.0.0,>=2.9.1""]",,,,
algokit-subscriber-ts,Algorand,AlgoKit Subscriber TypeScript,"[""[GitHub](https://github.com/algorandfoundation/algokit-subscriber-ts)""]",Library,TypeScript,"[""Algorand"",""Transaction subscriptions"",""Indexing"",""ARC-28 events""]","Flexible Algorand transaction subscription and indexing library for Node.js or JavaScript services, with filtering, watermarking, and ARC-28 event support.",Public,,$0,FALSE,FALSE,"[""@algorandfoundation/algokit-utils@^9.0.0"",""algosdk@^3.7.0"",""js-sha512@^0.9.0""]",,,,
algokit-utils-py,Algorand,AlgoKit Python Utilities,"[""[GitHub](https://github.com/algorandfoundation/algokit-utils-py)"",""[Docs](https://algorandfoundation.github.io/algokit-utils-py/)""]",Library,Python,"[""Utilities"",""Smart Contracts"",""Transactions""]","Python utility library providing higher-level helpers for building, testing, deploying, and interacting with Algorand applications.",Public,,$0,FALSE,FALSE,"[""py-algorand-sdk@^2.11.0"",""httpx@>=0.23.1,<=0.28.1"",""typing-extensions@>=4.6.0""]",,,,
algokit-utils-ts,Algorand,AlgoKit TypeScript Utilities,"[""[GitHub](https://github.com/algorandfoundation/algokit-utils-ts)"",""[Docs](https://github.com/algorandfoundation/algokit-utils-ts/blob/main/docs/README.md)""]",Library,TypeScript,"[""Utilities"",""Smart Contracts"",""Transactions""]","TypeScript utility library providing higher-level helpers for building, testing, deploying, and interacting with Algorand applications.",Public,,$0,FALSE,FALSE,"[""buffer@^6.0.3"",""algosdk@^3.5.2""]",,,,
algorand-falcon-py,Algorand,Algorand Falcon Python,"[""[GitHub](https://github.com/algorandfoundation/falcon-py)""]",Library,Python,"[""Algorand"", ""Cryptography""]","Python library for Algorand deterministic Falcon-1024 key generation, signatures, and signature checks.",Public,,$0,FALSE,FALSE,,,,,
algorand-falcon-ts,Algorand,Falcon-1024 TypeScript,"[""[GitHub](https://github.com/algorandfoundation/falcon-ts-wasm)""]",Library,TypeScript,"[""Algorand"", ""Cryptography""]","TypeScript and WebAssembly library for Algorand deterministic Falcon-1024 key generation, signatures, and signature checks.",Public,,$0,FALSE,FALSE,,,,,
algorand-go-sdk,Algorand,Go SDK,"[""[Docs](https://pkg.go.dev/github.com/algorand/go-algorand-sdk/v2)"",""[GitHub](https://github.com/algorand/go-algorand-sdk)""]",SDK,Go,"[""Algorand"",""Transactions"",""Smart Contracts""]","Official Go SDK for constructing and signing transactions and interacting with Algorand network APIs.",Public,,$0,FALSE,FALSE,"[""github.com/algorand/avm-abi@v0.2.0"",""github.com/algorand/go-codec/codec@v1.1.10"",""github.com/cucumber/godog@v0.14.1"",""github.com/google/go-querystring@v1.1.0"",""github.com/stretchr/testify@v1.9.0"",""golang.org/x/crypto@v0.45.0""]",,,,
algorand-java-sdk,Algorand,Java SDK,"[""[Docs](https://algorand.github.io/java-algorand-sdk/)"",""[GitHub](https://github.com/algorand/java-algorand-sdk)""]",SDK,Java,"[""Algorand"",""Transactions"",""Smart Contracts""]","Official Java 8+ SDK for constructing and signing transactions and interacting with the Algorand network.",Public,,$0,FALSE,FALSE,"[""com.fasterxml.jackson.core:jackson-annotations@2.18.6"",""com.fasterxml.jackson.core:jackson-core@2.18.6"",""com.fasterxml.jackson.core:jackson-databind@2.18.6"",""com.google.code.gson:gson@2.8.9"",""com.squareup.okhttp:logging-interceptor@2.7.5"",""com.squareup.okhttp:okhttp@2.7.5"",""com.squareup.okio:okio@1.17.6"",""commons-codec:commons-codec@1.19.0"",""io.gsonfire:gson-fire@1.8.0"",""io.swagger:swagger-annotations@1.5.18"",""org.apache.commons:commons-lang3@3.18.0"",""org.bouncycastle:bcprov-jdk15to18@1.78"",""org.msgpack:jackson-dataformat-msgpack@0.9.9"",""org.threeten:threetenbp@1.3.5"",""com.google.guava:guava@32.0.1-android""]",,,,
algorand-javascript-sdk,Algorand,JavaScript SDK,"[""[Docs](https://algorand.github.io/js-algorand-sdk/)"",""[GitHub](https://github.com/algorand/js-algorand-sdk)""]",SDK,"JavaScript, TypeScript","[""Algorand"",""Transactions"",""Smart Contracts""]","Official JavaScript and TypeScript SDK for constructing and signing transactions and interacting with Algorand network APIs.",Public,,$0,FALSE,FALSE,"[""algorand-msgpack@^1.1.0"",""hi-base32@^0.5.1"",""js-sha256@^0.9.0"",""js-sha3@^0.8.0"",""js-sha512@^0.8.0"",""json-bigint@^1.0.0"",""tweetnacl@^1.0.3"",""vlq@^2.0.4""]",,,,
algorand-python-sdk,Algorand,Python SDK,"[""[Docs](https://py-algorand-sdk.readthedocs.io/en/latest/)"",""[GitHub](https://github.com/algorand/py-algorand-sdk)""]",SDK,Python,"[""Algorand"",""Transactions"",""Smart Contracts""]","Official Python SDK for constructing and signing transactions and interacting with Algorand network APIs.",Public,,$0,FALSE,FALSE,"[""pynacl@>=1.4.0,<2"",""pycryptodomex@>=3.6.0,<4"",""msgpack@>=1.0.0,<2"",""typing_extensions@>=4.9.0,<5""]",,,,
alloy,Alloy,,"[""[Docs](https://alloy.rs/)"",""[GitHub](https://github.com/alloy-rs/alloy)""]",Library,Rust,"[""Ethereum"",""Rust"",""JSON-RPC"",""Smart contracts"",""Network abstraction""]","Modular Rust libraries for connecting to Ethereum-compatible blockchains through providers, signers, contract bindings, JSON-RPC types, and network abstractions.",Free,,$0,FALSE,FALSE,"[""alloy-consensus@^2.4.2"",""alloy-contract@^2.4.2"",""alloy-core@^1.6.0"",""alloy-eips@^2.4.2"",""alloy-network@^2.4.2"",""alloy-provider@^2.4.2"",""alloy-rpc-client@^2.4.2"",""alloy-rpc-types@^2.4.2"",""alloy-serde@^2.4.2"",""alloy-signer@^2.4.2"",""alloy-signer-local@^2.4.2"",""alloy-transport@^2.4.2"",""alloy-transport-http@^2.4.2""]",,,,
ankr-sdk,Ankr,SDK,"[""[Docs](https://www.ankr.com/docs/advanced-api/javascript-sdk/)""]",SDK,JavaScript,"[""Ankr.js SDK"",""Ankr.py SDK"",""Advanced API""]","It offers compact libraries for querying RPC endpoints, fetching NFT/token data, transaction histories, and more via Ankr's global node infrastructure",Free,,$0,FALSE,FALSE,,TBD,TBD,TBD,MIT
anyalt,AnyAlt,,"[""[Website](https://www.anyalt.finance/)"",""[Docs](https://docs.anyalt.finance/sdk/overview)""]",SDK,TBD,"[""Cross-chain functionality"",""SDKs"",""APIs""]","Provides developers with an SDK and a pre-built widget to integrate cross-chain and last-mile transactions, including fiat-to-crypto on-ramps, into blockchain protocols and web3 projects",Free,,$0,FALSE,FALSE,,TBD,TBD,TBD,TBD
ape-framework,ApeWorx,,"[""[Docs](https://docs.apeworx.io/ape/stable/)"",""[GitHub](https://github.com/ApeWorX/ape)""]",Framework,Python,"[""Ethereum"",""Python"",""Smart contracts"",""Testing"",""Custom EVM networks""]","Python framework for compiling, testing, deploying, and interacting with smart contracts across Ethereum-compatible and custom EVM networks.",Public,,$0,FALSE,FALSE,"[""click@<8.2,>=8.1.6"",""ijson@<4,>=3.1.4"",""ipython@<9,>=8.18.1"",""lazyasd@>=0.1.4"",""asttokens@<3,>=2.4.1"",""cchecksum@<1,>=0.0.3"",""numpy@<2"",""packaging@<24,>=23.0"",""pandas@<3,>=2.2.2"",""pluggy@<2,>=1.3"",""pydantic@<3,>=2.10"",""pydantic-settings@<3,>=2.5.2"",""pytest@<9.0,>=8.0"",""python-dateutil@<3,>=2.8.2"",""PyYAML@<7,>=5.1"",""requests@<3,>=2.28.1"",""rich@<15,>=14.3.3"",""SQLAlchemy@>=1.4.35"",""toml; python_version < \""3.11\"""",""tqdm@<5.0,>=4.67"",""traitlets@>=5.3.0"",""urllib3@<3,>=2.3"",""watchdog@<4,>=3.0"",""eth-abi@<6,>=5.1.0"",""eth-account@<0.14,>=0.11.3"",""eth-typing@<6,>=3.5.2"",""eth-utils@<6,>=2.1.0"",""hexbytes@<2,>=1.2.0"",""py-geth@<7,>=6.2.0"",""trie@<4,>=3.0.1"",""web3[tester]@<8,>=7.12.1"",""ethpm-types@<0.7,>=0.6.28"",""eip712@<0.4,>=0.3.0"",""eth_pydantic_types@<0.3,>=0.2.1"",""evmchains@<0.2,>=0.1.0"",""evm-trace@<0.3,>=0.2.6""]",,,,
arbitrum-sdk,Arbitrum,SDK,"[""[GitHub](https://github.com/OffchainLabs/arbitrum-sdk)"",""[npm](https://www.npmjs.com/package/@arbitrum/sdk)""]",SDK,TypeScript,"[""Bridge SDK""]",TypeScript SDK for bridging assets and sending cross-chain messages on Arbitrum chains,Free,,$0,FALSE,FALSE,,TBD,TBD,TBD,TBD
assembly-script,AssemblyScript,,"[""[Website](https://www.assemblyscript.org/introduction.html)""]",SDK,TBD,"[""WebAssembly"",""TypeScript"",""JavaScript""]",It offers a compiler and toolchain allowing developers to write high-performance code in a TypeScript-like language and compile it to WebAssembly,Free,,$0,FALSE,FALSE,,TBD,TBD,TBD,TBD
avalanche-sdk-chainkit,Ava Labs,SDK ChainKit,"[""[Docs](https://developers.avacloud.io/avalanche-sdk/chainkit-sdk/getting-started)"",""[GitHub](https://github.com/ava-labs/avalanche-sdk-typescript)""]",SDK,TypeScript,"[""Avalanche"",""ChainKit"",""Glacier API"",""Metrics API""]",TypeScript SDK package for Avalanche Glacier Data and Metrics APIs with typed models and helper utilities,Free,,$0,FALSE,FALSE,,TBD,TBD,Ava Labs,BSD-3-Clause
avalanche-sdk-client,Ava Labs,SDK Client,"[""[Docs](https://developers.avacloud.io/avalanche-sdk/client-sdk/getting-started)"",""[GitHub](https://github.com/ava-labs/avalanche-sdk-typescript)""]",SDK,TypeScript,"[""Avalanche"",""RPC"",""Wallet Integration"",""Client SDK""]","TypeScript SDK package for direct Avalanche chain interaction including RPC access, transaction handling and wallet workflows",Free,,$0,FALSE,FALSE,,TBD,TBD,Ava Labs,BSD-3-Clause
avalanche-sdk-interchain,Ava Labs,SDK Interchain,"[""[Docs](https://developers.avacloud.io/avalanche-sdk/interchain-sdk/getting-started)"",""[GitHub](https://github.com/ava-labs/avalanche-sdk-typescript)""]",SDK,TypeScript,"[""Avalanche"",""Interchain Messaging"",""ICM"",""Teleporter""]",TypeScript SDK package for building cross-L1 messaging flows on Avalanche using ICM and Teleporter,Free,,$0,FALSE,FALSE,,TBD,TBD,Ava Labs,BSD-3-Clause
axelar-sdk,Axelar,SDK,"[""[Docs](https://docs.axelar.dev/dev/axelarjs-sdk/intro/)""]",SDK,JavaScript,"[""Cross-chain communication"",""Interoperability"",""AxelarJS SDK""]",SDK for integrating cross-chain token transfers and general message passing using Axelars decentralized interoperability network,Free,,$0,FALSE,FALSE,,TBD,TBD,TBD,Apache-2.0
aztec-sdk-free,Aztec,,"[""[Docs](https://docs.aztec.network/developers/docs/aztec-js)""]",SDK,TBD,"[""Zero-Knowledge Proofs"",""Privacy-first /Confidential transactions"",""Ethereum Layer 2""]","It provides SDK, documentation, testnet access and especially Noir, a Rust-like programming language for writing zero-knowledge smart contracts",Free,,$0 ,FALSE,FALSE,,TBD,TBD,TBD,TBD
biconomy,Biconomy,,"[""[Docs](https://docs.biconomy.io/)""]",SDK,TypeScript,"[""Gasless transactions"",""Relayer"",""AbstractJS SDK""]","Multichain relayer infrastructure offering gasless transactions, transaction batching and other features to simplify Web3 UX and onboarding",Enterprise,,Custom,FALSE,FALSE,,TBD,TBD,TBD,TBD
blockdaemon-sdk-enterprise,Blockdaemon,Staking SDK,"[""[GitLab](https://gitlab.com/Blockdaemon/open-source/staking-sdk/-/tree/dev/libs/ts/staking-sdk-eth)"",""[Contact](https://www.blockdaemon.com/api/pricing)""]",SDK,TypeScript,"[""Web3 Gateway"",""Institutional Grade Blockchain"",""Scalable Blockchain Solutions"",""Multi-Protocol Support""]","It provides an extensive toolkit, including REST and RPC APIs and SDKs, for developers to build Web3 applications and integrate with various blockchain networks",Enterprise,,Custom,FALSE,FALSE,,TBD,TBD,TBD,TBD
blockdaemon-sdk-free,Blockdaemon,Staking SDK,"[""[GitLab](https://gitlab.com/Blockdaemon/open-source/staking-sdk/-/tree/dev/libs/ts/staking-sdk-eth)"",""[Docs](https://docs.blockdaemon.com/reference/staking-sdk)""]",SDK,TypeScript,"[""Web3 Gateway"",""Institutional Grade Blockchain"",""Scalable Blockchain Solutions"",""Multi-Protocol Support""]","It provides an extensive toolkit, including REST and RPC APIs and SDKs, for developers to build Web3 applications and integrate with various blockchain networks",Free,,$0,FALSE,FALSE,,TBD,TBD,TBD,TBD
blockdaemon-sdk-growth,Blockdaemon,Staking SDK,"[""[GitLab](https://gitlab.com/Blockdaemon/open-source/staking-sdk/-/tree/dev/libs/ts/staking-sdk-eth)"",""[Contact](https://www.blockdaemon.com/api/pricing)""]",SDK,TypeScript,"[""Web3 Gateway"",""Institutional Grade Blockchain"",""Scalable Blockchain Solutions"",""Multi-Protocol Support""]","It provides an extensive toolkit, including REST and RPC APIs and SDKs, for developers to build Web3 applications and integrate with various blockchain networks",Tiered,Growth,Custom,FALSE,FALSE,,TBD,TBD,TBD,TBD
blockdaemon-sdk-starter,Blockdaemon,Staking SDK,"[""[GitLab](https://gitlab.com/Blockdaemon/open-source/staking-sdk/-/tree/dev/libs/ts/staking-sdk-eth)"",""[Contact](https://www.blockdaemon.com/api/pricing)""]",SDK,TypeScript,"[""Web3 Gateway"",""Institutional Grade Blockchain"",""Scalable Blockchain Solutions"",""Multi-Protocol Support""]","It provides an extensive toolkit, including REST and RPC APIs and SDKs, for developers to build Web3 applications and integrate with various blockchain networks",Tiered,Starter,Custom,FALSE,FALSE,,TBD,TBD,TBD,TBD
blueprint-func,Blueprint,,"[""[Website](https://github.com/ton-org/blueprint)""]",Framework,FunC,"[""Smart Contract Framework"",""Tact"",""FunC"",""Testing""]","The official development environment for writing, testing, and deploying smart contracts on TON. Similar to Hardhat but for the TVM",Free,,$0,FALSE,FALSE,,TBD,TBD,TBD,TBD
blueprint-tact,Blueprint,,"[""[Website](https://github.com/ton-org/blueprint)""]",Framework,Tact,"[""Smart Contract Framework"",""Tact"",""FunC"",""Testing""]","The official development environment for writing, testing, and deploying smart contracts on TON. Similar to Hardhat but for the TVM",Free,,$0,FALSE,FALSE,,TBD,TBD,TBD,TBD
blueprint-tolk,Blueprint,,"[""[Website](https://github.com/ton-org/blueprint)""]",Framework,Tolk,"[""Smart Contract Framework"",""Tact"",""FunC"",""Testing""]","The official development environment for writing, testing, and deploying smart contracts on TON. Similar to Hardhat but for the TVM",Free,,$0,FALSE,FALSE,,TBD,TBD,TBD,TBD
brownie,Brownie,,"[""[Website](https://github.com/eth-brownie/brownie)""]",Framework,Python,"[""Smart contract development""]","It provides developers with a robust set of tools to write, test, debug, and deploy smart contracts using the Python programming language instead of JavaScript/TypeScript, which is more common in Web3 development",Free,,$0,FALSE,FALSE,,TBD,TBD,TBD,TBD
capstone-disassembler,Capstone Disassembler,,"[""[Website](https://github.com/crytic/pyevmasm)""]",Library,TBD,"[""EVM assembler library"",""EVM disassembler"",""Assemble EVM instructions"",""EVM bytecode generation""]",It provides the granular control and visibility needed to work directly with the low-level machine code that powers smart contracts on Ethereum and other EVM-compatible blockchains,Free,,$0,FALSE,FALSE,,TBD,TBD,TBD,TBD
chainbase-sdk-developer,Chainbase,,"[""[Buy](https://platform.chainbase.com/pricing)""]",SDK,JavaScript,"[""Multi-Chain Data Platform"",""Blockchain Developer Tools"",""Blockchain Data API"",""On-Chain Data Analytics""]","It provides a full suite of tools and SDKs to help developers build Web3 applications more efficiently, including a console for creating, debugging and managing projects",Tiered,Developer,$99/mo,FALSE,TRUE,,TBD,TBD,TBD,TBD
chainbase-sdk-enterprise,Chainbase,,"[""[Contact](https://platform.chainbase.com/contact)""]",SDK,JavaScript,"[""Multi-Chain Data Platform"",""Blockchain Developer Tools"",""Blockchain Data API"",""On-Chain Data Analytics""]","It provides a full suite of tools and SDKs to help developers build Web3 applications more efficiently, including a console for creating, debugging and managing projects",Enterprise,,Custom,FALSE,TRUE,,TBD,TBD,TBD,TBD
chainbase-sdk-free,Chainbase,,"[""[Docs](https://docs.chainbase.com/network/introduction/networks/developers#setting-up-the-development-environment)""]",SDK,JavaScript,"[""Multi-Chain Data Platform"",""Blockchain Developer Tools"",""Blockchain Data API"",""On-Chain Data Analytics""]","It provides a full suite of tools and SDKs to help developers build Web3 applications more efficiently, including a console for creating, debugging and managing projects",Free,,$0 ,FALSE,TRUE,,TBD,TBD,TBD,TBD
connectkit,ConnectKit,,"[""[Website](https://family.co/docs/connectkit)""]",Library,TypeScript,"[""Wallet Connect"",""Web3 wallet"",""React Component Library""]",React component library for Web3 frontend developers that simplifies the process of connecting a user's cryptocurrency wallet to a decentralized application,Free,,$0,FALSE,FALSE,,TBD,TBD,TBD,TBD
dappkit,Dappkit,,"[""[GitHub](https://github.com/layerx-labs/dappkit)""]",SDK,TBD,"[""dApp development"",""Web3 SDK"",""Blockchain development"",""Smart contract interaction""]","It is a free, open-source Software Development Kit and platform that streamlines the creation and integration of web3 applications by providing pre-built tools, components, and code libraries",Free,,$0,FALSE,FALSE,,TBD,TBD,TBD,TBD
db3-js,db3.js,,"[""[Docs](https://docs.db3.network/)""]",SDK,JavaScript,"[""Decentralized Database"",""Blockchain"",""InterPlanetary File System"",""Arweave""]",It provides a collection of JavaScript and TypeScript libraries for developers to connect and interact with Ethereum and other EVM-compatible blockchain nodes,Free,,$0 ,FALSE,FALSE,,TBD,TBD,TBD,TBD
dfns-sdk-basic,Dfns,SDK,"[""[Buy](https://www.dfns.co/pricing)"",""[Docs](https://docs.dfns.co/sdks)"" ]",SDK,TypeScript,"[""Wallet-as-a-Service"",""Key Management"",""Account Abstraction""]","An institutional-grade Wallet-as-a-Service (WaaS) and digital asset infrastructure platform offering comprehensive SDKs for secure, programmable wallet management across dozens of blockchains.",Tiered,Basic,$600/mo,TRUE,FALSE,"[""buffer@^6.0.3"",""cross-fetch@^3.1.6""]",TBD,TBD,TBD,TBD
dfns-sdk-enterprise,Dfns,SDK,"[""[Contact](https://www.dfns.co/pricing)"",""[Docs](https://docs.dfns.co/sdks)"" ]",SDK,TypeScript,"[""Wallet-as-a-Service"",""Key Management"",""Account Abstraction""]","An institutional-grade Wallet-as-a-Service (WaaS) and digital asset infrastructure platform offering comprehensive SDKs for secure, programmable wallet management across dozens of blockchains.",Enterprise,,Custom,TRUE,FALSE,"[""buffer@^6.0.3"",""cross-fetch@^3.1.6""]",TBD,TBD,TBD,TBD
dfns-sdk-pro,Dfns,SDK,"[""[Buy](https://www.dfns.co/pricing)"",""[Docs](https://docs.dfns.co/sdks)"" ]",SDK,TypeScript,"[""Wallet-as-a-Service"",""Key Management"",""Account Abstraction""]","An institutional-grade Wallet-as-a-Service (WaaS) and digital asset infrastructure platform offering comprehensive SDKs for secure, programmable wallet management across dozens of blockchains.",Tiered,Pro,$2.8K/mo,TRUE,FALSE,"[""buffer@^6.0.3"",""cross-fetch@^3.1.6""]",TBD,TBD,TBD,TBD
dfns-sdk-starter,Dfns,SDK,"[""[Buy](https://www.dfns.co/pricing)"",""[Docs](https://docs.dfns.co/sdks)"" ]",SDK,TypeScript,"[""Wallet-as-a-Service"",""Key Management"",""Account Abstraction""]","An institutional-grade Wallet-as-a-Service (WaaS) and digital asset infrastructure platform offering comprehensive SDKs for secure, programmable wallet management across dozens of blockchains.",Tiered,Starter,$60/mo,TRUE,FALSE,"[""buffer@^6.0.3"",""cross-fetch@^3.1.6""]",TBD,TBD,TBD,TBD
dynamic-sdk-enterprise,Dynamic,SDK,"[""[Website](https://www.dynamic.xyz/sdk)"",""[Docs](https://www.dynamic.xyz/docs/unity/sdk-reference/overview)""]",SDK,TypeScript,"[""Web3 Onboarding"",""Wallet Integration"",""Authentication""]",Developer toolkit for embedding non-custodial wallets and frictionless user onboarding across multiple networks without complex backend infrastructure.,Enterprise,Custom,Custom,FALSE,FALSE,,TBD,TBD,Dynamic,TBD
dynamic-sdk-free,Dynamic,SDK,"[""[Website](https://www.dynamic.xyz/sdk)"",""[Docs](https://www.dynamic.xyz/docs/unity/sdk-reference/overview)""]",SDK,TypeScript,"[""Web3 Onboarding"",""Wallet Integration"",""Authentication""]",Developer toolkit for embedding non-custodial wallets and frictionless user onboarding across multiple networks without complex backend infrastructure.,Free,Starter,$0,FALSE,FALSE,,TBD,TBD,Dynamic,TBD
dynamic-sdk-growth,Dynamic,SDK,"[""[Website](https://www.dynamic.xyz/sdk)"",""[Docs](https://www.dynamic.xyz/docs/unity/sdk-reference/overview)""]",SDK,TypeScript,"[""Web3 Onboarding"",""Wallet Integration"",""Authentication""]",Developer toolkit for embedding non-custodial wallets and frictionless user onboarding across multiple networks without complex backend infrastructure.,Tiered,Growth,$249/mo,FALSE,FALSE,,TBD,TBD,Dynamic,TBD
embark,Embark,,"[""[Website](https://github.com/embarklabs/embark)""]",Framework,Rust,"[""Game Development"",""Game Engine"",""Open Source Tools"",""Rendering""]","It provides tools for developing smart contracts, integrating with blockchain platforms like Ethereum and connecting to decentralized storage and communication platforms",Free,,$0 ,FALSE,FALSE,,TBD,TBD,TBD,TBD
ens-js,ENSjs,,"[""[Website](https://github.com/ensdomains/ensjs?tab=readme-ov-file)""]",Library,JavaScript,"[""Ethereum Name Service"",""ENS Domains"",""Web3 Development""]",It allows developers to interact with the Ethereum Name Service smart contracts and infrastructure,Free,,$0 ,FALSE,FALSE,"[""@adraffy/ens-normalize@1.10.1"",""@ensdomains/address-encoder@1.1.3"",""@ensdomains/content-hash@^3.1.1"",""@ensdomains/dnsprovejs@0.5.1"",""abitype@^1.0.0"",""dns-packet@^5.3.1"",""graphql@^16.11.0"",""graphql-request@7.1.2"",""pako@^2.1.0"",""ts-pattern@^5.4.0"",""viem@^2.35.0""]",TBD,TBD,TBD,TBD
eth-abi,ApeWorx,,"[""[Docs](https://eth-abi.readthedocs.io/)"",""[GitHub](https://github.com/ApeWorX/eth-abi)""]",Library,Python,"[""Ethereum"",""Python"",""ABI encoding"",""ABI decoding""]","Python utilities for encoding and decoding values using Solidity's binary ABI format.",Public,,$0,FALSE,FALSE,"[""eth-utils@>=2.0.0"",""eth-typing@>=3.0.0"",""parsimonious@<0.11.0,>=0.10.0""]",,,,
eth-account,ApeWorx,,"[""[Docs](https://eth-account.readthedocs.io/)"",""[GitHub](https://github.com/ApeWorX/eth-account)""]",Library,Python,"[""Ethereum"",""Python"",""Accounts"",""Transaction signing"",""Messages""]","Python library for managing Ethereum accounts and signing transactions, messages, and typed data with local private keys.",Public,,$0,FALSE,FALSE,"[""bitarray@>=2.4"",""eth-abi@>=4"",""eth-keyfile@>=0.10"",""eth-keys@>=0.5"",""eth-rlp@>=3"",""eth-utils@>=6"",""hexbytes@>=2"",""rlp@>=2"",""ckzg@>=2"",""pydantic@>=2""]",,,,
eth-tx,EthTx,,"[""[Website](https://github.com/EthTx/ethtx)""]",Library,Python,"[""Ethereum transaction decoder"",""Blockchain transaction analysis""]","It is a developer and analyst tool that decodes Ethereum transactions into a human-readable format, providing valuable insights into the underlying smart contract logic and token flows",Free,,$0,FALSE,FALSE,,TBD,TBD,TBD,TBD
ethereum-eth-hash,Ethereum Foundation,eth-hash,"[""[GitHub](https://github.com/ethereum/eth-hash)""]",Hashing Library,Python,"[""Ethereum"",""Keccak-256"",""hashing"",""Python""]",Python implementation and backend interface for Ethereum Keccak-256 hashing.,Public,,$0,FALSE,FALSE,,,,,
ethereum-eth-typing,Ethereum Foundation,eth-typing,"[""[GitHub](https://github.com/ethereum/eth-typing)""]",Type Library,Python,"[""Ethereum"",""Python"",""type hints"",""library""]",Python type definitions commonly used by Ethereum libraries and applications.,Public,,$0,FALSE,FALSE,,,,,
ethereum-eth-utils,Ethereum Foundation,eth-utils,"[""[GitHub](https://github.com/ethereum/eth-utils)""]",Utility Library,Python,"[""Ethereum"",""Python"",""utilities"",""library""]",Python utility functions shared by Ethereum codebases.,Public,,$0,FALSE,FALSE,,,,,
ethereum-kohaku,Ethereum Foundation,Kohaku,"[""[GitHub](https://github.com/ethereum/kohaku)""]",Privacy Toolkit,TypeScript,"[""Ethereum"",""privacy"",""wallets"",""TypeScript""]",Privacy-first tooling and libraries for the Ethereum ecosystem.,Public,,$0,FALSE,FALSE,,,,,
ethereum-py-ecc,Ethereum Foundation,py-ecc,"[""[GitHub](https://github.com/ethereum/py_ecc)""]",Cryptography Library,Python,"[""Ethereum"",""ECC"",""BLS12-381"",""bn128"",""Python""]",Python library implementing Ethereum elliptic-curve pairing operations for bn128 and BLS12-381.,Public,,$0,FALSE,FALSE,,,,,
ethereum-types,Ethereum Foundation,Ethereum Types,"[""[GitHub](https://github.com/ethereum/ethereum-types)""]",Specification Types Library,Python,"[""Ethereum"",""EELS"",""types"",""Python""]","Types and utilities used by the Ethereum Execution Layer Specification, including fixed-size integers and byte sequences.",Public,,$0,FALSE,FALSE,,,,,
ethereumjs,EthereumJS,,"[""[Website](https://ethereumjs.github.io/)"",""[GitHub](https://github.com/ethereumjs/ethereumjs-monorepo)""]",SDK,TypeScript,"[""Ethereum"",""TypeScript"",""EVM"",""Transactions"",""Protocol libraries""]","Modular TypeScript protocol libraries for Ethereum execution, including EVM, VM, transaction, block, chain configuration, state, and utility packages.",Public,,$0,FALSE,FALSE,,,,,
ethers-js,Ethers.js,,"[""[Website](https://docs.ethers.org/v6/)""]",Library,JavaScript,"[""Library"",""dApp development""]",It is a comprehensive JavaScript and TypeScript toolkit that provides developers with a robust and simple way to interact with the Ethereum blockchain and its broader ecosystem,Free,,$0,FALSE,FALSE,,TBD,TBD,TBD,TBD
etherspot,Etherspot Prime,SDK,"[""[Website](https://etherspot.io)"", ""[Docs](https://etherspot.fyi/prime-sdk/intro)""]",SDK,TBD,"[""Account Abstraction"",""Wallet SDK""]",Account Abstraction SDK providing Web2-like smart wallet experiences i.e social logins batched transactions to Ethereum dApps,Free,,$0,FALSE,FALSE,,TBD,TBD,TBD,TBD
evmole,Evmole,,"[""[Website](https://github.com/cdump/evmole)""]",Library,TBD,"[""EVM Bytecode Analysis"",""Smart Contract Analysis"",""ABI Extraction"",""Function Selector Decoding""]","It provides a library for extracting function selectors, arguments, and other key information from Ethereum Virtual Machine (EVM) bytecode, even for unverified smart contracts",Enterprise,,Custom,FALSE,FALSE,,TBD,TBD,TBD,TBD
fift-lang,Fift,,"[""[Docs](https://blog.ton.org/introduction-to-fift)""]",Programming language,Fift,"[""Smart Contracts"",""Language"",""Low-Level"",""TVM""]","A low-level stack-based programming language for the TON Virtual Machine (TVM), primarily used for tooling, scripts, and advanced contract development",Free,,$0,FALSE,FALSE,,TBD,TBD,TBD,TBD
filecoin-blstrs,Filecoin,blstrs,"[""[GitHub](https://github.com/filecoin-project/blstrs)""]",Library,Rust,"[""BLS12-381"",""Cryptography"",""Pairings""]",Rust implementation of the BLS12-381 pairing-friendly curve using blst as its backend.,Public,,$0,FALSE,FALSE,"[""blst@^0.3.10"",""byte-slice-cast@^1.0.0"",""ff@^0.13"",""group@^0.13"",""pairing@^0.23"",""rand_core@^0.6"",""serde@^1.0"",""subtle@^2.2.1"",""zeroize@^1.8.2""]",,,,
filecoin-ffi,Filecoin,Filecoin FFI,"[""[GitHub](https://github.com/filecoin-project/filecoin-ffi)""]",Library,"C, Go","[""FFI"",""Proofs"",""FVM""]","C and CGO bindings that let Filecoin clients consume the Rust proofs and reference FVM libraries.",Public,,$0,FALSE,FALSE,,,,,
filecoin-go-commp-utils,Filecoin,go-commp-utils,"[""[GitHub](https://github.com/filecoin-project/go-commp-utils)""]",Library,Go,"[""CommP"",""Pieces"",""Utilities""]",Go utilities for generating and working with Filecoin piece commitments.,Public,,$0,FALSE,FALSE,"[""github.com/filecoin-project/go-fil-commcid@v0.3.1"",""github.com/filecoin-project/go-fil-commp-hashhash@v0.4.0"",""github.com/filecoin-project/go-padreader@v0.0.1"",""github.com/filecoin-project/go-state-types@v0.18.0"",""github.com/ipfs/go-cid@v0.6.2"",""github.com/minio/sha256-simd@v1.0.1"",""github.com/multiformats/go-multihash@v0.2.3"",""github.com/stretchr/testify@v1.12.1"",""golang.org/x/xerrors@v0.0.0-20240903120638-7835f813f4da""]",,,,
filecoin-go-fil-commp-hashhash,Filecoin,go-fil-commp-hashhash,"[""[GitHub](https://github.com/filecoin-project/go-fil-commp-hashhash)""]",Library,Go,"[""CommP"",""Commitments"",""Hashing""]",Go hash.Hash implementation for streaming calculation of Filecoin unsealed commitments (CommP/CommD).,Public,,$0,FALSE,FALSE,"[""github.com/minio/sha256-simd@v1.0.1"",""golang.org/x/xerrors@v0.0.0-20240903120638-7835f813f4da""]",,,,
filecoin-go-paramfetch,Filecoin,go-paramfetch,"[""[GitHub](https://github.com/filecoin-project/go-paramfetch)""]",Library,Go,"[""Proofs"",""Parameters"",""Parameter fetching""]",Go library for downloading and verifying Groth proving parameters and verifying keys used by Filecoin clients.,Public,,$0,FALSE,FALSE,"[""github.com/cheggaaa/pb/v3@v3.1.5"",""github.com/ipfs/go-fs-lock@v0.0.7"",""github.com/ipfs/go-log/v2@v2.5.1"",""github.com/stretchr/testify@v1.9.0"",""go.uber.org/multierr@v1.11.0"",""golang.org/x/crypto@v0.52.0"",""golang.org/x/sync@v0.8.0"",""golang.org/x/xerrors@v0.0.0-20240903120638-7835f813f4da""]",,,,
filecoin-proofs-api,Filecoin,Filecoin Proofs API,"[""[GitHub](https://github.com/filecoin-project/rust-filecoin-proofs-api)"",""[Docs](https://github.com/filecoin-project/rust-filecoin-proofs-api#readme)""]",Library,Rust,"[""Filecoin"",""proofs"",""PoRep"",""PoSt"",""GPU""]","Official public Rust API for interacting with the Filecoin proving system, including CUDA and OpenCL build support.",Public,,$0,FALSE,FALSE,,,,,
filsnap-adapter,Filecoin,Filsnap Adapter,"[""[GitHub](https://github.com/filecoin-project/filsnap)"",""[Docs](https://filecoin-project.github.io/filsnap/)""]",SDK,TypeScript,"[""Filecoin"",""MetaMask Snaps"",""wallet adapter"",""signing""]","TypeScript adapter for connecting decentralized applications to Filsnap for Filecoin accounts, signing, balances, gas estimation, and message submission.",Public,,$0,FALSE,FALSE,,,,,
filsnap-react-adapter,Filecoin,Filsnap React Adapter,"[""[GitHub](https://github.com/filecoin-project/filsnap)"",""[Docs](https://filecoin-project.github.io/filsnap/)""]",React SDK,TypeScript,"[""Filecoin"",""MetaMask Snaps"",""React"",""wallet adapter""]",React hooks and components for integrating Filsnap-powered Filecoin accounts and signing workflows into browser applications.,Public,,$0,FALSE,FALSE,,,,,
folks-algorand-sdk,Folks Finance,Algorand SDK,"[""[GitHub](https://github.com/Folks-Finance/algorand-js-sdk)""]",SDK,JavaScript,"[""Algorand"", ""Transactions"", ""DeFi""]",JavaScript SDK for interacting with the Folks Finance lending and liquid staking protocol on Algorand.,Public,,$0,FALSE,FALSE,"[""@algorandfoundation/algokit-utils@^9.0.0"",""algosdk@^3.0.0""]",,,,
folks-router-sdk,Folks Finance,Folks Router SDK,"[""[GitHub](https://github.com/Folks-Finance/folks-router/tree/main/packages/folks-router-js-sdk)""]",SDK,"JavaScript, TypeScript","[""Algorand"",""DEX Aggregation"",""Transactions""]",JavaScript and TypeScript SDK for fetching swap quotes and preparing Algorand transactions through Folks Router.,Public,,$0,FALSE,FALSE,"[""algosdk@^3.5.2"",""axios@^1.13.2""]",,,,
folks-smart-contract-library,Folks Finance,Folks Smart Contract Library,"[""[GitHub](https://github.com/Folks-Finance/algorand-smart-contract-library)""]",Library,Python,"[""Algorand"",""Smart Contracts"",""Access Control""]","Reusable Algorand Python smart contract modules for implementing access control and other common contract patterns.",Public,,$0,FALSE,FALSE,,,,,
folks-wormhole-ntt-sdk,Folks Finance,Wormhole NTT SDK,"[""[GitHub](https://github.com/Folks-Finance/wormhole-ntt-sdk)""]",SDK,JavaScript,"[""Algorand"", ""Cross-chain messaging"", ""Token Transfers""]",JavaScript SDK for quoting and preparing Wormhole Native Token Transfers with support for Algorand.,Public,,$0,FALSE,FALSE,"[""@algorandfoundation/algokit-utils@^9.2.0"",""@txnlab/use-wallet@4.3.1"",""@wormhole-foundation/sdk@^4.15.0"",""algosdk@^3.5.2"",""viem@^2.47.12"",""zod@^4.3.6""]",,,,
foundry,Foundry,,"[""[Docs](https://www.getfoundry.sh/)""]",Framework,Rust,"[""Framework""]",Solidity-native smart contract development toolkit written in Rust offering blazing-fast compilation and testing,Free,,$0,FALSE,FALSE,,TBD,TBD,TBD,TBD
foundry-zksync,Zksync,Foundry-ZKsync,"[""[Docs](https://foundry-book.zksync.io/)"",""[GitHub](https://github.com/matter-labs/foundry-zksync)""]",Framework,Rust,"[""Foundry"",""ZKsync"",""Smart contract development""]","Foundry-based smart contract development toolkit for compiling testing and deploying contracts on ZKsync Era and EraVM-powered chains",Free,,$0,FALSE,FALSE,,v0.1.9,2026-02-24,Matter Labs,MIT / Apache-2.0
func-lang,FunC,,"[""[Docs](https://docs.ton.org/develop/func/overview)""]",SDK,FunC,"[""Smart Contracts"",""Language"",""Low-Level""]","The lower-level, C-like programming language used to write raw smart contracts for the TON Virtual Machine (TVM)",Free,,$0,FALSE,FALSE,,TBD,TBD,TBD,TBD
fuzzlib,Fuzzlib,,"[""[Website](https://github.com/perimetersec/fuzzlib)""]",Library,Solidity,"[""Fuzz Testing"",""Software Testing"",""Security Testing"",""Vulnerability Research""]",It helps Web3 developers enhance the security and stability of their smart contracts by streamlining the fuzzing process,Free,,$0,FALSE,FALSE,,TBD,TBD,TBD,TBD
fvm-assemblyscript-sdk,Zondax,FVM AssemblyScript SDK,"[""[GitHub](https://github.com/Zondax/fvm-as-sdk)""]",SDK,TBD,"[""SDK""]",AssemblyScript SDK for Filecoin Virtual Machine smart contract development,Free,,$0,FALSE,FALSE,,TBD,TBD,TBD,TBD
fvm-powergate-textile,Powergate,FVM Powergate Textile,"[""[Docs](https://docs.textile.io/powergate/)"",""[GitHub](https://github.com/textileio/powergate)""]",SDK,TBD,"[""SDK""]",Textile Powergate SDK for building on Filecoin,Free,,$0,FALSE,FALSE,,TBD,TBD,TBD,TBD
ginco-sdk-enterprise,Ginco,SDK,"[""[Website](https://www.ginco.com/wallet-builder)""]",SDK,TBD,"[""Web3 SDK"",""Blockchain Development Kit"",""Crypto Wallet SDK"",""Non-Custodial Wallet SDK""]","It is specifically designed to help businesses integrate blockchain functionalities, such as digital asset wallets and transaction monitoring, into their own services",Enterprise,,Custom,FALSE,FALSE,,TBD,TBD,TBD,TBD
go-ethereum,Go Ethereum,,"[""[Docs](https://geth.ethereum.org/docs/developers/dapp-developer/native-bindings-v2)"",""[GitHub](https://github.com/ethereum/go-ethereum)""]",SDK,Go,"[""Ethereum"",""Go"",""JSON-RPC"",""Smart contracts"",""Transaction signing""]","Go packages for interacting with Ethereum-compatible nodes, accounts, transactions, smart contracts, and JSON-RPC services.",Public,,$0,FALSE,FALSE,,,,,
halliday-sdk,Halliday,,"[""[Docs](https://docs.halliday.xyz/pages/payments-sdk-docs)""]",Onramp,JavaScript,"[""Payments SDK Widget""]","It enables developers to integrate a widget for seamless cryptocurrency payments, including fiat onramps, cross-chain swaps, and exchange withdrawals to any token or chain",Free,,$0,FALSE,FALSE,,TBD,TBD,TBD,TBD
hardhat,Hardhat,,"[""[Docs](https://hardhat.org/docs)""]",Framework,JavaScript,"[""Framework""]",Versatile Ethereum development framework simplifying smart contract building testing and deployment,Free,,$0,FALSE,FALSE,"[""@nomicfoundation/edr@0.19.0"",""@nomicfoundation/hardhat-errors@^3.0.17"",""@nomicfoundation/hardhat-utils@^4.1.6"",""@nomicfoundation/hardhat-vendored@^3.0.4"",""@nomicfoundation/hardhat-zod-utils@^3.0.5"",""@nomicfoundation/solidity-analyzer@^0.1.1"",""@sentry/core@^9.4.0"",""adm-zip@^0.6.0"",""chokidar@^5.0.0"",""enquirer@^2.3.0"",""ethereum-cryptography@^2.2.1"",""micro-eth-signer@^0.14.0"",""p-map@^7.0.6"",""resolve.exports@^2.0.3"",""semver@^7.8.5"",""tsx@^4.23.1"",""ws@^8.21.1"",""zod@^3.23.8""]",TBD,TBD,TBD,TBD
hardhat-zksync,Zksync,Hardhat-ZKsync,"[""[Docs](https://docs.zksync.io/zksync-network/zksync-era/custom-tooling#hardhat-zksync)"",""[GitHub](https://github.com/matter-labs/hardhat-zksync)""]",Framework,TypeScript,"[""Hardhat"",""ZKsync"",""Smart contract development""]","Official Hardhat plugin suite for compiling deploying testing verifying and upgrading contracts targeting ZKsync Era and EraVM-powered chains",Free,,$0,FALSE,FALSE,,TBD,TBD,Matter Labs,MIT / Apache-2.0
haystack-router-sdk,TxnLab,Haystack Router SDK,"[""[GitHub](https://github.com/TxnLab/haystack-js)"",""[Docs](https://github.com/TxnLab/haystack-js/tree/main/packages/haystack)""]",SDK,"TypeScript, JavaScript","[""Algorand"",""DEX Aggregation"",""Transactions""]","TypeScript and JavaScript SDK for Algorand swap quotes, smart order routing, and transaction preparation through Haystack Router; the software is free, while network and service fees are separate.",Public,,$0,FALSE,FALSE,"[""algosdk@^3.0.0""]",,,,
huff,Huff,,"[""[Website](https://huff.sh/)""]",Programming Language,Huff,"[""EVM programming language"",""Ethereum smart contracts"",""Low-level smart contract language""]",It is a low-level programming language and associated ecosystem of developer tools used for writing extremely optimized smart contracts on the Ethereum Virtual Machine,Free,,$0,FALSE,FALSE,,TBD,TBD,TBD,TBD
huffmate,Huffmate,,"[""[Website](https://github.com/huff-language/huffmate)""]",Library,Huff,"[""Huff-language"",""Smart-contracts"",""Solidity-tools""]","It provides a library of hyper-optimized Huff smart contracts intended as resources for learning and implementation, rather than a compiler or debugger",Free,,$0,FALSE,FALSE,,TBD,TBD,TBD,TBD
hyperlane-sdk,Hyperlane,SDK,"[""[Docs](https://docs.hyperlane.xyz/docs/reference/developer-tools/typescript-sdk/overview)""]",SDK,TypeScript,"[""Cross-chain messaging"",""Interoperability"",""Multi-chain apps""]",SDK for building applications that send messages and assets across different blockchain networks using Hyperlanes interoperability protocol,Free,,$0,FALSE,FALSE,,TBD,TBD,TBD,Apache-2.0
ipfs-boxo,IPFS,Boxo,"[""[GitHub](https://github.com/ipfs/boxo)""]",SDK,Go,"[""IPFS"",""Content Addressing"",""Go"",""Data Exchange""]","Go SDK and reference libraries for building IPFS applications and implementations, including reusable content-addressing and data-exchange components.",Public,,$0,FALSE,FALSE,,,,,
ipfs-go-cid,IPFS,Go CID,"[""[GitHub](https://github.com/ipfs/go-cid)""]",Library,Go,"[""IPFS"",""CID"",""Content Addressing"",""Go""]",Go implementation of Content Identifiers for addressing immutable content-addressed data.,Public,,$0,FALSE,FALSE,,,,,
ipfs-go-graphsync,IPFS,Go GraphSync,"[""[GitHub](https://github.com/ipfs/go-graphsync)""]",Library,Go,"[""IPFS"",""GraphSync"",""IPLD"",""Data Exchange""]",Go implementation of the GraphSync wire protocol for IPLD data exchange.,Public,,$0,FALSE,FALSE,,,,,
iso-filecoin,iso-filecoin,,"[""[Website](https://filecoin.hugomrdias.dev/)"",""[Docs](https://filecoin.hugomrdias.dev/intro/getting-started/)""]",Library,JavaScript,"[""Filecoin"",""RPC"",""Addresses"",""Signatures"",""Tokens"",""Chain""]","Type-safe JavaScript standard library providing RPC, address, signature, token, and chain utilities for building applications on Filecoin.",Public,,$0,FALSE,FALSE,,,,,
iso-filecoin-react,iso-filecoin,React,"[""[Docs](https://filecoin.hugomrdias.dev/guides/react/)"",""[GitHub](https://github.com/hugomrdias/filecoin/tree/main/packages/iso-filecoin-react)""]",Library,JavaScript,"[""Filecoin"",""React"",""Wallets"",""Hooks"",""Context""]",React context and hooks for connecting Filecoin wallets in browser applications.,Public,,$0,FALSE,FALSE,"[""@tanstack/react-query"",""iso-filecoin"",""iso-filecoin-wallets"",""react""]",,,,
iso-filecoin-wallets,iso-filecoin,Wallet Adapters,"[""[Docs](https://filecoin.hugomrdias.dev/guides/adapters/)"",""[GitHub](https://github.com/hugomrdias/filecoin/tree/main/packages/iso-filecoin-wallets)""]",Library,JavaScript,"[""Filecoin"",""Wallet Adapters"",""Ledger"",""Filsnap"",""Reown AppKit""]","Unified Filecoin wallet adapters for Filsnap, Ledger, hierarchical deterministic, local wallets, and Reown AppKit integration via FilecoinAppKitAdapter.",Public,,$0,FALSE,FALSE,"[""@reown/appkit-controllers"",""filsnap-adapter"",""iso-base"",""iso-filecoin"",""iso-web"",""nanoid""]",,,,
layerzero-sdk,LayerZero Labs,SDK,"[""[Docs](https://docs.layerzero.network/v2/tools/sdks/options)""]",SDK,Solidity,"[""Message Execution Options"",""LayerZero Solana SDK"",""LayerZero Endpoint Metadata""]",SDK enabling developers to build and debug omnichain applications that communicate across multiple blockchains through LayerZeros messaging protocol,Free,,$0,FALSE,FALSE,,TBD,TBD,TBD,MIT
lens-sdk,Lens,,"[""[Website](https://github.com/lens-protocol/lens-sdk)""]",SDK,TBD,"[""Decentralized Social Graph"",""Social Network"",""dApp Development"",""Developer Tools"",""Social Features""]","It offers developers the infrastructure and tools required to build decentralized social media applications on the Lens Protocol, a decentralized social graph on the Polygon blockchain",Free,,$0,FALSE,FALSE,,TBD,TBD,TBD,TBD
lifi-sdk,LI.FI,SDK,"[""[Docs](https://docs.li.fi/sdk/overview)""]",SDK,TypeScript,"[""DEX aggregation"",""Cross-chain bridging"",""Multi-chain DeFi""]",It provides a powerful toolkit for developers to enable seamless cross-chain and on-chain swaps and bridging within their applications,Free,,$0,FALSE,FALSE,"[""@lifi/types@^18.5.0""]",TBD,TBD,TBD,MIT
loop-decoder,Loop Decoder,,"[""[Docs](https://loop-decoder.3loop.io/)"",""[GitHub](https://github.com/3loop/loop-decoder)""]",Library,"TypeScript","[""Code Debugger"",""Developer Tool"",""Code Analysis Tool""]",It offers an all-in-one toolkit designed to simplify Ethereum Virtual Machine (EVM) transaction decoding for web3 developers,Enterprise,,Custom,FALSE,FALSE,"[""@shazow/whatsabi@^0.23.0"",""effect@>=3.15.1"",""viem@>=2.23.0""]",TBD,TBD,TBD,TBD
magic,Magic,,"[""[Website](https://magic.link/)""]",SDK,TBD,"[""Email login"",""Social logins"",""Wallet SDK""]",Web3 onboarding SDK for creating non-custodial wallets using familiar Web2 logins eliminating seed phrases,Free,,$0,FALSE,FALSE,,TBD,TBD,TBD,TBD
matic-js,Matic.js,,"[""[Website](https://github.com/0xPolygon/matic.js)""]",SDK,JavaScript,"[""SDK""]",Official JavaScript SDK for cross-chain bridging and asset management on Polygon,Free,,$0,FALSE,FALSE,,TBD,TBD,TBD,TBD
moralis-sdk-javascript,Moralis,SDK,"[""[Docs](https://docs.moralis.com/get-started/tutorials/streams/wallet-monitoring/monitor-wallet-activity-in-real-time#step-1-install-the-moralis-sdk)""]",SDK,JavaScript,"[""Web3 APIs"",""Multi-chain data"",""Blockchain infrastructure""]",It enables developers to integrate Web3 features into dApps efficiently by simplifying blockchain interactions across chains like EVM and Solana,Free,,$0,TRUE,FALSE,,TBD,TBD,TBD,MIT
moralis-sdk-python,Moralis,SDK,"[""[Docs](https://docs.moralis.com/get-started/tutorials/streams/wallet-monitoring/monitor-wallet-activity-in-real-time#step-1-install-the-moralis-sdk)""]",SDK,Python,"[""Web3 APIs"",""Multi-chain data"",""Blockchain infrastructure""]",It enables developers to integrate Web3 features into dApps efficiently by simplifying blockchain interactions across chains like EVM and Solana,Free,,$0,TRUE,FALSE,,TBD,TBD,TBD,MIT
nethereum,Nethereum,,"[""[Website](https://nethereum.com/)"",""[Docs](https://docs.nethereum.com/)""]",Library,C#,"[""Ethereum"","".NET"",""C#"",""Smart contracts"",""Wallets""]",".NET library suite for interacting with Ethereum and EVM-compatible chains, including smart contracts, signing, wallets, RPC, indexing, and developer tooling.",Free,,$0,FALSE,FALSE,,,,,
nfd-sdk,TxnLab,NFD SDK,"[""[GitHub](https://github.com/TxnLab/nfd-sdk)"",""[Docs](https://docs.nf.domains/)""]",SDK,TypeScript,"[""Algorand"",""NFD"",""Name Service""]",JavaScript SDK for interacting with NFDomains directly on-chain and via API.,Public,,$0,FALSE,FALSE,"[""algosdk"",""@algorandfoundation/algokit-utils""]",,,,
ocean-protocol-sdk,Ocean Protocol,,"[""[Docs](https://docs.oceanprotocol.com/developers)""]",SDK,TBD,"[""Decentralized Data"",""Data Monetization"",""Data Exchange"",""Data Sharing"",""Blockchain Protocol"",""Data Marketplace""]","It provides developers with a decentralized platform and a comprehensive toolkit for building data-driven applications and marketplaces, focusing on secure, privacy-preserving data sharing and monetization",Free,,$0,FALSE,FALSE,,TBD,TBD,TBD,TBD
one-key-sdk,OneKey,SDK,"[""[Website](https://developer.onekey.so/)""]",dApp integration tools for developers,TBD,"[""Hardware Wallet Integration"",""Multi-Chain dApp Connectivity""]",It provides a platform for developers to integrate secure blockchain wallet functionalities into both web and native applications,Free,,$0,FALSE,FALSE,,TBD,TBD,TBD,TBD
open-zeppelin-test-helpers,OpenZeppelin,,"[""[Docs](https://docs.openzeppelin.com/)""]",Library,Solidity,"[""Solidity Test"",""Smart Contract Testing"",""Assertion library""]","It integrates with development environments like Hardhat and Web3.js to offer powerful, configurable checks for secure contract launches, acting as a key part of OpenZeppelin's broader mission to enhance blockchain security",Free,,$0,FALSE,FALSE,,TBD,TBD,TBD,TBD
openfort-sdk-enterprise,Openfort,SDK,"[""[Contact](https://cal.com/joalavedra)"",""[Docs](https://www.openfort.io/docs)""]",SDK,TypeScript,"[""Embedded Wallets"",""Account Abstraction"",""Wallet Infrastructure"",""AI Agents""]","Open-source wallet infrastructure for rapid integration of wallet functions, intuitive onboarding, and flexible user journeys for any application or ecosystem",Enterprise,,Custom,FALSE,FALSE,,2.1.0,2026-07-31,Openfort,Apache-2.0
openfort-sdk-growth,Openfort,SDK,"[""[Buy](https://www.openfort.io/pricing)"",""[Docs](https://www.openfort.io/docs)""]",SDK,TypeScript,"[""Embedded Wallets"",""Account Abstraction"",""Wallet Infrastructure"",""AI Agents""]","Open-source wallet infrastructure for rapid integration of wallet functions, intuitive onboarding, and flexible user journeys for any application or ecosystem",Tiered,Growth,$99/mo,FALSE,FALSE,,2.1.0,2026-07-31,Openfort,Apache-2.0
openfort-sdk-pro,Openfort,SDK,"[""[Buy](https://www.openfort.io/pricing)"",""[Docs](https://www.openfort.io/docs)""]",SDK,TypeScript,"[""Embedded Wallets"",""Account Abstraction"",""Wallet Infrastructure"",""AI Agents""]","Open-source wallet infrastructure for rapid integration of wallet functions, intuitive onboarding, and flexible user journeys for any application or ecosystem",Tiered,Pro,$249/mo,FALSE,FALSE,,2.1.0,2026-07-31,Openfort,Apache-2.0
openfort-sdk-scale,Openfort,SDK,"[""[Buy](https://www.openfort.io/pricing)"",""[Docs](https://www.openfort.io/docs)""]",SDK,TypeScript,"[""Embedded Wallets"",""Account Abstraction"",""Wallet Infrastructure"",""AI Agents""]","Open-source wallet infrastructure for rapid integration of wallet functions, intuitive onboarding, and flexible user journeys for any application or ecosystem",Tiered,Scale,$599/mo,FALSE,FALSE,,2.1.0,2026-07-31,Openfort,Apache-2.0
openfort-sdk-starter,Openfort,SDK,"[""[Website](https://www.openfort.io/)"",""[Docs](https://www.openfort.io/docs)""]",SDK,TypeScript,"[""Embedded Wallets"",""Account Abstraction"",""Wallet Infrastructure"",""AI Agents""]","Open-source wallet infrastructure for rapid integration of wallet functions, intuitive onboarding, and flexible user journeys for any application or ecosystem",Free,Starter,$0,FALSE,FALSE,,2.1.0,2026-07-31,Openfort,Apache-2.0
openzeppelin,OpenZeppelin,,"[""[Docs](https://docs.openzeppelin.com/contracts)""]",Library,Solidity,"[""Security"",""Contracts Library""]","Library of secure community-vetted smart contracts i.e ERC20, ERC721 etc. for Ethereum development",Free,,$0,FALSE,FALSE,,TBD,TBD,TBD,TBD
ox,wevm,,"[""[Docs](https://oxlib.sh/)"",""[GitHub](https://github.com/wevm/ox)""]",Library,TypeScript,"[""Ethereum"",""TypeScript"",""EVM"",""Transactions"",""Cryptography""]","TypeScript standard library for EVM data types, transactions, signatures, cryptography, RPC schemas, and contract utilities.",Public,,$0,FALSE,FALSE,,,,,
phantom-sdk,Phantom,SDK,"[""[Docs](https://docs.phantom.com/introduction)""]",Software Development Kit,TBD,"[""Web3 Development"",""Multichain Wallet Integration""]",It provides developers with tools to integrate the Phantom cryptocurrency wallet into their web and mobile applications,Free,,$0,FALSE,FALSE,,TBD,TBD,TBD,TBD
pinata-sdk-enterprise,Pinata,SDK,"[""[Contact](https://pinata.cloud/pricing)"",""[Docs](https://docs.pinata.cloud/sdk/getting-started)""]",SDK,TypeScript,"[""IPFS"",""Decentralized Storage"",""Web3 infrastructure""]","Provides a comprehensive SDK suite for developers to seamlessly upload, manage, and retrieve files on the IPFS decentralized storage network with enterprise-grade gateways.",Enterprise,,Custom,FALSE,FALSE,,TBD,TBD,TBD,TBD
pinata-sdk-fiesta,Pinata,SDK,"[""[Buy](https://pinata.cloud/pricing)"",""[Docs](https://docs.pinata.cloud/sdk/getting-started)""]",SDK,TypeScript,"[""IPFS"",""Decentralized Storage"",""Web3 infrastructure""]","Provides a comprehensive SDK suite for developers to seamlessly upload, manage, and retrieve files on the IPFS decentralized storage network with enterprise-grade gateways.",Tiered,Fiesta,$100/mo,FALSE,FALSE,,TBD,TBD,TBD,TBD
pinata-sdk-free,Pinata,SDK,"[""[Website](https://pinata.cloud/)"",""[Docs](https://docs.pinata.cloud/sdk/getting-started)""]",SDK,TypeScript,"[""IPFS"",""Decentralized Storage"",""Web3 infrastructure""]","Provides a comprehensive SDK suite for developers to seamlessly upload, manage, and retrieve files on the IPFS decentralized storage network with enterprise-grade gateways.",Free,,$0,FALSE,FALSE,,TBD,TBD,TBD,TBD
pinata-sdk-picnic,Pinata,SDK,"[""[Buy](https://pinata.cloud/pricing)"",""[Docs](https://docs.pinata.cloud/sdk/getting-started)""]",SDK,TypeScript,"[""IPFS"",""Decentralized Storage"",""Web3 infrastructure""]","Provides a comprehensive SDK suite for developers to seamlessly upload, manage, and retrieve files on the IPFS decentralized storage network with enterprise-grade gateways.",Tiered,Picnic,$20/mo,FALSE,FALSE,,TBD,TBD,TBD,TBD
prb-test,PRB Test,,"[""[Website](https://github.com/PaulRBerg/prb-test)""]",Library,Solidity,"[""Solidity Testing Library""]","It is a modern collection of testing assertions and logging utilities for Solidity, and is meant to be a drop-in replacement for DSTest",Free,,$0,FALSE,FALSE,,TBD,TBD,TBD,TBD
quicknode-sdk-accelerate,QuickNode,SDK,"[""[Buy](https://quicknode.com/signup?via=larry)"",""[Docs](https://www.quicknode.com/docs/quicknode-sdk)""]",SDK,TBD,"[""QuickNode SDK"",""Web3 development"",""Blockchain API"",""Node provider""]",It is an open-source software development kit designed to help developers build decentralized applications (dApps) by abstracting complex blockchain interactions and providing an interface to QuickNode's infrastructure,Tiered,Accelerate,$249/mo,FALSE,FALSE,,TBD,TBD,TBD,TBD
quicknode-sdk-build,QuickNode,SDK,"[""[Buy](https://quicknode.com/signup?via=larry)"",""[Docs](https://www.quicknode.com/docs/quicknode-sdk)""]",SDK,TBD,"[""QuickNode SDK"",""Web3 development"",""Blockchain API"",""Node provider""]",It is an open-source software development kit designed to help developers build decentralized applications (dApps) by abstracting complex blockchain interactions and providing an interface to QuickNode's infrastructure,Tiered,Build,$49/mo,FALSE,FALSE,,TBD,TBD,TBD,TBD
quicknode-sdk-business,QuickNode,SDK,"[""[Buy](https://quicknode.com/signup?via=larry)"",""[Docs](https://www.quicknode.com/docs/quicknode-sdk)""]",SDK,TBD,"[""QuickNode SDK"",""Web3 development"",""Blockchain API"",""Node provider""]",It is an open-source software development kit designed to help developers build decentralized applications (dApps) by abstracting complex blockchain interactions and providing an interface to QuickNode's infrastructure,Tiered,Business,$999/mo,FALSE,FALSE,,TBD,TBD,TBD,TBD
quicknode-sdk-enterprise,QuickNode,SDK,"[""[Contact](https://www.quicknode.com/contact-us)"",""[Docs](https://www.quicknode.com/docs/quicknode-sdk)""]",SDK,TBD,"[""QuickNode SDK"",""Web3 development"",""Blockchain API"",""Node provider""]",It is an open-source software development kit designed to help developers build decentralized applications (dApps) by abstracting complex blockchain interactions and providing an interface to QuickNode's infrastructure,Enterprise,,Custom,FALSE,FALSE,,TBD,TBD,TBD,TBD
quicknode-sdk-scale,QuickNode,SDK,"[""[Buy](https://quicknode.com/signup?via=larry)"",""[Docs](https://www.quicknode.com/docs/quicknode-sdk)""]",SDK,TBD,"[""QuickNode SDK"",""Web3 development"",""Blockchain API"",""Node provider""]",It is an open-source software development kit designed to help developers build decentralized applications (dApps) by abstracting complex blockchain interactions and providing an interface to QuickNode's infrastructure,Tiered,Scale,$499/mo,FALSE,FALSE,,TBD,TBD,TBD,TBD
quiver,Raid Guild,,"[""[Website](https://github.com/raid-guild/quiver)""]",Library,TBD,"[""Ethereum"",""dApps"",""Web3"",""React"",""Smart-Contracts""]","It offers features like accelerated Web3 onboarding with pre-built components for common interactions, essential integrations with Web3Modal, ENS, and Gnosis Safe Apps, and smart contract interaction",Free,,$0,FALSE,FALSE,,TBD,TBD,TBD,TBD
rainbowkit,RainbowKit,,"[""[Docs](https://rainbowkit.com/docs/introduction/)""]",Library,TBD,"[""React"",""Wallet SDK""]",Open-source toolkit providing customizable React components for wallet connection UIs enabling seamless Ethereum wallet integrations,Enterprise,,Custom,FALSE,FALSE,"[""@tanstack/react-query@>=5.0.0"",""@vanilla-extract/css@1.20.1"",""@vanilla-extract/dynamic@2.1.5"",""@vanilla-extract/sprinkles@1.6.5"",""clsx@2.1.1"",""cuer@0.0.3"",""react@>=18"",""react-dom@>=18"",""react-remove-scroll@2.7.2"",""ua-parser-js@^2.0.9"",""viem@2.x"",""wagmi@^2.9.0""]",TBD,TBD,TBD,TBD
reth,Reth,,"[""[Website](https://reth.rs/sdk/)""]",SDK,Rust,"[""Rust Ethereum Client"",""Rust Blockchain Development"",""EVM compatible chains""]",It is an Ethereum execution client and developer toolkit (SDK) that allows developers to run high-performance Ethereum nodes and build custom blockchain infrastructure using its modular components as libraries,Enterprise,,$0,FALSE,FALSE,,TBD,TBD,TBD,TBD
rockx-sdk,RockX,,"[""[Website](https://wiki.radxa.com/AI/Rock-X)""]",SDK,Python,"[""Python SDK""]","Provides bindings for Rockchip's AI vision library, mainly for edge devices like RK3399 and RV1126",Free,,$0,FALSE,FALSE,,TBD,TBD,TBD,TBD
rubic-sdk,Rubic,Rubic-SDK,"[""[Docs](https://docs.rubic.finance/)""]",SDK,TBD,"[""Web3 developer tools"",""Cross-chain swap API"",""Blockchain interoperability"",""DEX aggregator SDK"",""Crypto swap widget""]","It offers a SDK, a customizable widget and an API to allow other decentralized applications, wallets or websites to integrate its cross-chain swap functionality directly into their own platforms",Enterprise,,Custom,FALSE,FALSE,,TBD,TBD,TBD,TBD
safe-api-kit,Safe,API Kit,"[""[Docs](https://docs.safe.global/sdk/api-kit)"",""[GitHub](https://github.com/safe-global/safe-core-sdk/tree/main/packages/api-kit)""]",SDK,TypeScript,"[""Safe"",""Smart Accounts"",""Transaction Service"",""Multisig"",""Transactions""]","TypeScript SDK for interacting with the Safe Transaction Service API, including proposing and sharing transactions, collecting signatures, and retrieving Safe account configuration and transaction history.",Public,,$0,FALSE,FALSE,"[""viem@^2.52.2"",""node-fetch@^2.7.0"",""@safe-global/types-kit@^4.0.1"",""@safe-global/protocol-kit@^8.0.6""]",,,,
safe-protocol-kit,Safe,Protocol Kit,"[""[Docs](https://docs.safe.global/sdk/protocol-kit)"",""[GitHub](https://github.com/safe-global/safe-core-sdk/tree/main/packages/protocol-kit)""]",SDK,TypeScript,"[""Safe"",""Smart Accounts"",""Account Abstraction"",""Multisig"",""Transactions""]","TypeScript SDK for interacting directly with Safe Smart Account contracts, including account deployment and configuration, transaction creation and execution, signatures, modules, and guards.",Public,,$0,FALSE,FALSE,"[""viem@^2.52.2"",""semver@^7.8.0"",""abitype@^1.2.3"",""@safe-global/types-kit@^4.0.1"",""@safe-global/safe-deployments@^1.37.63"",""@safe-global/safe-modules-deployments@^3.0.10""]",,,,
safe-relay-kit,Safe,Relay Kit,"[""[Docs](https://docs.safe.global/sdk/relay-kit)"",""[GitHub](https://github.com/safe-global/safe-core-sdk/tree/main/packages/relay-kit)""]",SDK,TypeScript,"[""Safe"",""Account Abstraction"",""ERC-4337"",""Relaying"",""Sponsored Transactions""]","TypeScript SDK for relaying Safe transactions, including ERC-4337 user operations, sponsored transactions, and gas payment with native or ERC-20 tokens.",Public,,$0,FALSE,FALSE,,,,,
safe-starter-kit,Safe,Starter Kit,"[""[Docs](https://docs.safe.global/sdk/starter-kit)"",""[GitHub](https://github.com/safe-global/safe-core-sdk)""]",SDK,TypeScript,"[""Safe"",""Smart Accounts"",""Account Abstraction"",""Multisig"",""Transactions""]","High-level TypeScript SDK for integrating Safe Smart Accounts into applications and handling user operations, multisignature transactions, and off-chain and on-chain messages.",Public,,$0,FALSE,FALSE,,,,,
sequence-sdk-enterprise,Sequence,SDK,"[""[Docs](https://docs.sequence.xyz/sdk/overview)"",""[Website](https://support.sequence.xyz/en/article/what-is-the-difference-between-free-and-paid-tiers-1oelkv/)""]",Software Development Kit,TBD,"[""Web3 Development"",""Blockchain Gaming"",""Account Abstraction"",""Game Development SDK""]","It enables the integration of blockchain and web3 functionalities into applications and games, primarily by abstracting the technical complexities of cryptocurrency for the end user",Enterprise,,Custom,FALSE,FALSE,,TBD,TBD,TBD,TBD
sequence-sdk-free,Sequence,SDK,"[""[Docs](https://docs.sequence.xyz/sdk/overview)"",""[Website](https://support.sequence.xyz/en/article/what-is-the-difference-between-free-and-paid-tiers-1oelkv/)""]",Software Development Kit,TBD,"[""Web3 Development"",""Blockchain Gaming"",""Account Abstraction"",""Game Development SDK""]","It enables the integration of blockchain and web3 functionalities into applications and games, primarily by abstracting the technical complexities of cryptocurrency for the end user",Free,,$0,FALSE,FALSE,,TBD,TBD,TBD,TBD
somnia-data-streams-sdk,Somnia,Somnia Data Streams SDK,"[""[Docs](https://docs.somnia.network/developer/data-streams/sdk-methods-guide)"",""[GitHub](https://github.com/somnia-chain/somnia-data-streams-sdk)""]",SDK,TypeScript,"[""Data Streams"",""Off-Chain Reactivity"",""Somnia""]","TypeScript SDK for writing, reading, subscribing to, and managing Somnia Data Streams and reactive events.",Public,,$0,FALSE,FALSE,"[""viem@~2.37.8"",""@somnia-chain/reactivity@~0.1.5""]",,,,
storacha-guppy,Storacha,Guppy,"[""[GitHub](https://github.com/storacha/guppy)"",""[Docs](https://storacha.github.io/guppy/)""]",Library,Go,"[""Filecoin"",""IPFS"",""Storage"",""CLI""]","Go client library and CLI for resumable, parallel uploads and content retrieval through the Storacha storage network.",Public,,$0,FALSE,FALSE,,,,,
swap-kit,SwapKit,,"[""[Website](https://swapkit.dev/)""]",SDK,TBD,"[""SwapKit"",""Cross-Chain Swap"",""Multi-Chain Swap"",""DeFi SDK"",""Crypto API""]",It offers an API and SDK for developers to integrate cross-chain swap capabilities into their own applications,Pay-as-you-go,,Custom,FALSE,FALSE,,TBD,TBD,TBD,TBD
swap-kit-enterprise,SwapKit,,"[""[Website](https://swapkit.dev/)""]",SDK,TBD,"[""SwapKit"",""Cross-Chain Swap"",""Multi-Chain Swap"",""DeFi SDK"",""Crypto API""]",It offers an API and SDK for developers to integrate cross-chain swap capabilities into their own applications,Enterprise,,Custom,FALSE,FALSE,,TBD,TBD,TBD,TBD
synapse-core,Filecoin Onchain Cloud,Synapse Core,"[""[GitHub](https://github.com/FilOzone/synapse-sdk/tree/master/packages/synapse-core)"",""[Docs](https://docs.filecoin.cloud/reference/filoz/synapse-core/toc/)""]",Library,TypeScript,"[""Filecoin Onchain Cloud"",""Smart Contracts"",""Storage"",""Payments""]","Low-level JavaScript and TypeScript library for Filecoin Onchain Cloud smart contracts, payments, warm storage, provider discovery, PieceCID utilities, and session keys.",Public,,$0,FALSE,FALSE,"[""viem@2.x"",""dnum@2.17.0"",""iso-web@^3.1.2"",""multiformats@14.0.5"",""ox@0.14.29"",""p-locate@7.0.0"",""p-some@7.0.0"",""sync-multihash-sha2@1.0.0"",""zod@4.4.3""]",,,,
synapse-react,Filecoin Onchain Cloud,Synapse React,"[""[GitHub](https://github.com/FilOzone/synapse-sdk/tree/master/packages/synapse-react)"",""[Docs](https://docs.filecoin.cloud/reference/filoz/synapse-react/toc/)""]",Library,TypeScript,"[""Filecoin Onchain Cloud"",""React"",""Storage"",""Payments""]","React hooks for Filecoin Onchain Cloud account, USDFC, storage-provider, dataset, upload, and payment workflows.",Public,,$0,FALSE,FALSE,"[""wagmi@3.x"",""@tanstack/react-query@5.x"",""viem@2.x"",""@filoz/synapse-core@^0.9.0"",""@filoz/synapse-sdk@^2.0.0"",""@hugomrdias/filsnap-adapter@^3.3.8"",""@wagmi/core@3.x""]",,,,
synapse-sdk,Filecoin Onchain Cloud,Synapse SDK,"[""[Docs](https://docs.filecoin.cloud/getting-started/)"",""[GitHub](https://github.com/FilOzone/synapse-sdk)""]",SDK,TypeScript,"[""Filecoin Onchain Cloud"",""Decentralized Storage"",""Payments""]","TypeScript SDK for storing and retrieving data and managing payments through Filecoin Onchain Cloud",Public,,$0,FALSE,FALSE,"[""viem@2.x"",""@filoz/synapse-core@^0.9.0"",""multiformats@14.0.5""]",,,,
tact-lang,Tact,,"[""[Website](https://tact-lang.org/)"",""[Docs](https://docs.tact-lang.org/)""]",SDK,Tact,"[""Smart Contracts"",""Language"",""High-Level""]","A new, high-level programming language for TON smart contracts that is strongly typed and designed to be familiar to TypeScript/Rust developers",Free,,$0,FALSE,FALSE,,TBD,TBD,TBD,TBD
tatum-sdk-business,Tatum,,"[""[Docs](https://docs.tatum.io/docs/javascript-sdk)""]",SDK,JavaScript,"[""Web3 development"",""Blockchain infrastructure"",""SDKs"",""Multi-chain support""]","Blockchain development platform offering a unified framework, SDKs and API to simplify building Web3 applications without extensive prior blockchain experience",Enterprise,Business,Custom,FALSE,FALSE,"[""bignumber.js@^9.1.1"",""chalk@^4.1.2"",""reflect-metadata@^0.1.13"",""typedi@^0.10.0""]",TBD,TBD,TBD,TBD
tatum-sdk-free,Tatum,,"[""[Docs](https://docs.tatum.io/docs/javascript-sdk)""]",SDK,JavaScript,"[""Web3 development"",""Blockchain infrastructure"",""SDKs"",""Multi-chain support""]","Blockchain development platform offering a unified framework, SDKs and API to simplify building Web3 applications without extensive prior blockchain experience",Free,,$0,FALSE,FALSE,"[""bignumber.js@^9.1.1"",""chalk@^4.1.2"",""reflect-metadata@^0.1.13"",""typedi@^0.10.0""]",TBD,TBD,TBD,TBD
tatum-sdk-pro,Tatum,,"[""[Docs](https://docs.tatum.io/docs/javascript-sdk)""]",SDK,JavaScript,"[""Web3 development"",""Blockchain infrastructure"",""SDKs"",""Multi-chain support""]","Blockchain development platform offering a unified framework, SDKs and API to simplify building Web3 applications without extensive prior blockchain experience",Tiered,Pro,$99/$139/$179/mo per 10M/15M/20M credits/mo,FALSE,FALSE,"[""bignumber.js@^9.1.1"",""chalk@^4.1.2"",""reflect-metadata@^0.1.13"",""typedi@^0.10.0""]",TBD,TBD,TBD,TBD
tatum-sdk-scale,Tatum,,"[""[Docs](https://docs.tatum.io/docs/javascript-sdk)""]",SDK,JavaScript,"[""Web3 development"",""Blockchain infrastructure"",""SDKs"",""Multi-chain support""]","Blockchain development platform offering a unified framework, SDKs and API to simplify building Web3 applications without extensive prior blockchain experience",Tiered,Scale,$349/$649/mo per 40M/80M credits/mo,FALSE,FALSE,"[""bignumber.js@^9.1.1"",""chalk@^4.1.2"",""reflect-metadata@^0.1.13"",""typedi@^0.10.0""]",TBD,TBD,TBD,TBD
tatum-sdk-starter,Tatum,,"[""[Docs](https://docs.tatum.io/docs/javascript-sdk)""]",SDK,JavaScript,"[""Web3 development"",""Blockchain infrastructure"",""SDKs"",""Multi-chain support""]","Blockchain development platform offering a unified framework, SDKs and API to simplify building Web3 applications without extensive prior blockchain experience",Tiered,Starter,$49/$79/mo per 4M/7M credits/mo,FALSE,FALSE,"[""bignumber.js@^9.1.1"",""chalk@^4.1.2"",""reflect-metadata@^0.1.13"",""typedi@^0.10.0""]",TBD,TBD,TBD,TBD
tevm,Tevm,,"[""[Docs](https://tevm.sh/getting-started/overview)"",""[GitHub](https://github.com/evmts/tevm)""]",Development Environment,TypeScript,"[""Ethereum"",""TypeScript"",""EVM"",""Local node"",""Testing""]","TypeScript-first in-process EVM node and development environment for testing, scripting, forking, and contract interaction.",Public,,$0,FALSE,FALSE,,,,,
thirdweb-sdk,Thirdweb,SDK,"[""[Docs](https://portal.thirdweb.com/references/typescript/v5)""]",SDK,TypeScript,"[""Smart contract deployment"",""Web3 SDK"",""Multi-chain development""]",Full-stack Web3 SDK for building decentralized apps with prebuilt smart contracts and support for multiple blockchains,Free,,$0,TRUE,FALSE,"[""@base-org/account@2.5.0"",""@coinbase/wallet-sdk@4.3.0"",""@emotion/react@11.14.0"",""@emotion/styled@11.14.1"",""@noble/curves@1.8.2"",""@noble/hashes@1.7.2"",""@passwordless-id/webauthn@^2.1.2"",""@radix-ui/react-dialog@1.1.14"",""@radix-ui/react-focus-scope@1.1.7"",""@radix-ui/react-icons@1.3.2"",""@radix-ui/react-tooltip@1.2.7"",""@tanstack/react-query@5.81.5"",""@walletconnect/sign-client@2.21.8"",""@walletconnect/universal-provider@2.21.8"",""abitype@1.0.8"",""cross-spawn@7.0.6"",""fuse.js@7.1.0"",""input-otp@^1.4.1"",""mipd@0.0.7"",""open@10.1.1"",""ora@8.2.0"",""ox@0.7.0"",""prompts@2.4.2"",""qrcode@1.5.3"",""toml@3.0.0"",""uqr@0.1.2"",""viem@2.39.0"",""x402@0.7.0"",""zod@3.25.75"",""@thirdweb-dev/engine@3.4.0"",""@thirdweb-dev/insight@1.1.1""]",TBD,TBD,TBD,Apache-2.0
tinyman-js-sdk,Tinyman,JavaScript SDK,"[""[GitHub](https://github.com/tinymanorg/tinyman-js-sdk)"",""[Docs](https://docs.tinyman.org/v2-integration/official-sdks)""]",SDK,"JavaScript, TypeScript","[""Algorand"",""AMM"",""DEX""]",Official JavaScript/TypeScript SDK for interacting with Tinyman AMM contracts.,Public,,$0,FALSE,FALSE,"[""algosdk""]",,,,
tinyman-py-sdk,Tinyman,Python SDK,"[""[GitHub](https://github.com/tinymanorg/tinyman-py-sdk)"",""[Docs](https://docs.tinyman.org/v2-integration/official-sdks)""]",SDK,Python,"[""Algorand"",""AMM"",""DEX""]",Official Python SDK for automated interaction with the Tinyman AMM.,Public,,$0,FALSE,FALSE,"[""py-algorand-sdk""]",,,,
ton-connect-sdk,TonConnect SDK,,"[""[Website](https://ton-connect.github.io/sdk/)""]",SDK,TypeScript,"[""Wallet Connect"",""Frontend"",""Authentication""]","The standard protocol and SDK for connecting TON wallets to decentralized applications (dApps), replacing standard WalletConnect in the TON ecosystem",Free,,$0,FALSE,FALSE,,TBD,TBD,TBD,TBD
trident-java-sdk,TRON,Trident-java,"[""[Website](https://tronprotocol.github.io/trident/)"",""[Docs](https://developers.tron.network/docs/trident-java)""]",SDK,Java,"[""TRON"",""Java SDK"",""Smart contracts""]",Lightweight Java SDK for building applications and interacting with TRON system and smart contracts,Free,,$0,FALSE,FALSE,,0.11.0,2026-01-26,TRON,Apache-2.0
tronbox-sdk,TRON,TronBox,"[""[Website](https://tronbox.io/)"",""[Docs](https://developers.tron.network/docs/tronbox-1)""]",Framework,JavaScript,"[""TRON"",""Smart contract development"",""CLI""]",CLI framework for compiling testing and deploying smart contracts on TRON,Free,,$0,FALSE,FALSE,,4.8.0,2026-06-01,TRON,MIT
tronweb-sdk,TRON,TronWeb,"[""[Website](https://tronweb.network/)"",""[Docs](https://developers.tron.network/docs/tronweb-1)""]",SDK,"JavaScript, TypeScript","[""TRON"",""JavaScript SDK"",""dApp development""]",JavaScript SDK for interacting with TRON nodes and smart contracts from web applications,Free,,$0,FALSE,FALSE,,6.3.0,2026-04-22,TRON,MIT
turnkey-sdk-enterprise,Turnkey,,"[""[Contact](https://www.turnkey.com/contact-us)"",""[Docs](https://docs.turnkey.com/sdks/introduction)""]",SDK,TypeScript,"[""TypeScript"",""Wallet SDK""]",Single API for creating embedded wallets signing transactions and automating onchain actions,Enterprise,,Custom,FALSE,FALSE,,TBD,TBD,TBD,TBD
turnkey-sdk-free,Turnkey,,"[""[Website](https://turnkey.com/)"",""[Docs](https://docs.turnkey.com/sdks/introduction)""]",SDK,TypeScript,"[""TypeScript"",""Wallet SDK""]",Single API for creating embedded wallets signing transactions and automating onchain actions,Free,,$0,FALSE,FALSE,,TBD,TBD,TBD,TBD
turnkey-sdk-pro,Turnkey,,"[""[Buy](https://www.turnkey.com/pricing)"",""[Docs](https://docs.turnkey.com/sdks/introduction)""]",SDK,TypeScript,"[""TypeScript"",""Wallet SDK""]",Single API for creating embedded wallets signing transactions and automating onchain actions,Tiered,Pro,$99/mo,FALSE,FALSE,,TBD,TBD,TBD,TBD
uniswap-web3-react,Uniswap Web3 React,,"[""[Website](https://github.com/Uniswap/web3-react)""]",Library,TypeScript,"[""React integration"",""Decentralized finance"",""Specific Uniswap functionalities""]",It helps developers build the frontend of decentralized applications by simplifying the process of connecting to various Web3 wallets and interacting with the Ethereum blockchain,Free,,$0,FALSE,FALSE,,TBD,TBD,TBD,TBD
viem,wevm,Viem,"[""[Docs](https://viem.sh/docs/getting-started)"",""[GitHub](https://github.com/wevm/viem)""]",Library,TypeScript,"[""Ethereum"",""TypeScript"",""JSON-RPC"",""Smart contracts"",""Wallet clients""]","Type-safe TypeScript interface for Ethereum with modular JSON-RPC clients, smart contract APIs, wallet support, and ABI utilities.",Free,,$0,FALSE,FALSE,"[""@noble/curves@1.9.1"",""@noble/hashes@1.8.0"",""@scure/bip32@1.7.0"",""@scure/bip39@1.6.0"",""abitype@1.2.3"",""isows@1.0.7"",""ox@0.14.44"",""ws@8.21.0""]",,,,
vyper,Vyper,,"[""[Docs](https://docs.vyperlang.org/en/latest/)""]",Programming language,Python,"[""Compiler"",""Pythonic programming language"",""SDK"",""Command-line interface tools"",""Interactive environment""]","It is a contract-oriented, Pythonic programming language and associated tools for building secure and auditable smart contracts targeting the Ethereum Virtual Machine",Free,,$0,FALSE,FALSE,,TBD,TBD,TBD,TBD
waffle,Waffle,,"[""[Website](https://github.com/Waffle/waffle)""]",Framework,Java,"[""Smart contracts testing""]","It offers features such as advanced contract testing with Chai matchers, fixtures for fast test suites, contract mocking, customizable compilation,TypeScript support and NPM integration",Free,,$0,FALSE,FALSE,,TBD,TBD,TBD,TBD
wagmi,Wagmi,,"[""[Website](https://wagmi.sh/)""]",Library,TypeScript,"[""TypeScript"",""React hooks"",""Wallet SDK""]",React Hooks library simplifying Ethereum wallet connections and contract interactions in front-end apps,Free,,$0,FALSE,FALSE,,TBD,TBD,TBD,TBD
wake,Wake,,"[""[Website](https://getwake.io/)""]",Framework,Solidity,"[""Testing framework based on pytest"",""Vulnerability & code quality detectors"",""Static analysis framework""]","It provides a suite of developer tools focused on the development, testing and security analysis of Solidity smart contracts, serving primarily as a development and testing framework using Python",Free,,$0,FALSE,FALSE,,TBD,TBD,TBD,TBD
walletconnect,WalletConnect,,"[""[Docs](https://docs.walletconnect.com/)""]",SDK,TypeScript,"[""Wallet Integration"",""Protocol""]",Open-source protocol that securely connects mobile wallets to decentralized applications for transaction signing and secure interaction in blockchain apps,Enterprise,,Custom,FALSE,FALSE,,TBD,TBD,TBD,TBD
walletkit-enterprise,WalletKit,,"[""[Contact](https://walletkit.com/pricing/)""]",SDK,TypeScript,"[""JavaScript"",""Wallet""]",It provides the underlying infrastructure and features that allow wallets to securely connect and interact with thousands of decentralized applications across various blockchains via the WalletConnect network,Enterprise,,Custom,FALSE,FALSE,,TBD,TBD,TBD,TBD
walletkit-individual,WalletKit,,"[""[Buy](https://walletkit.com/pricing/)""]",SDK,TypeScript,"[""JavaScript"",""Wallet""]",It provides the underlying infrastructure and features that allow wallets to securely connect and interact with thousands of decentralized applications across various blockchains via the WalletConnect network,Tiered,Individual,$75/mo,FALSE,FALSE,,TBD,TBD,TBD,TBD
walletkit-startup,WalletKit,,"[""[Buy](https://walletkit.com/pricing/)""]",SDK,TypeScript,"[""JavaScript"",""Wallet""]",It provides the underlying infrastructure and features that allow wallets to securely connect and interact with thousands of decentralized applications across various blockchains via the WalletConnect network,Tiered,Startup,$250/mo,FALSE,FALSE,,TBD,TBD,TBD,TBD
web3-js,Web3.js,,"[""[Docs](https://web3js.readthedocs.io/)""]",Library,JavaScript,"[""JavaScript"",""Library""]",JavaScript/TypeScript library that provides an API to interact with Ethereum nodes i.e send transactions query blockchain,Free,,$0,FALSE,FALSE,,TBD,TBD,TBD,TBD
web3-py,Web3.py,,"[""[Docs](https://web3py.readthedocs.io/)""]",Library,Python,"[""Web3.py""]","It allows Python developers to build decentralized applications without needing to work directly with the underlying, complex JSON-RPC protocols",Free,,$0,FALSE,FALSE,"[""aiohttp@>=3.7.4.post0"",""eth-abi@>=6"",""eth-account@>=0.14"",""eth-hash[pycryptodome]@>=0.5.1"",""eth-typing@>=5.0.0"",""eth-utils@>=5.3.0"",""hexbytes@>=2"",""pydantic@>=2.4"",""pyunormalize@>=15"",""pywin32@>=223; platform_system == \""Windows\"""",""requests@>=2.23.0"",""typing-extensions@>=4.0.1; python_version < \""3.11\"""",""websockets@>=14""]",TBD,TBD,TBD,TBD
web3auth-base,Web3Auth,,"[""[Website](https://web3auth.io/index.html)"",""[Docs](https://web3auth.io/docs/)""]",SDK,JavaScript,"[""Social logins"",""Wallet SDK""]",OAuth-based social login SDK enabling non-custodial key management and quick user onboarding for Web3 applications,Free,Base,$0,FALSE,FALSE,,TBD,TBD,TBD,TBD
web3auth-enterprise,Web3Auth,,"[""[Contact](https://calendly.com/elishamm/sales?month=2026-01)"",""[Docs](https://web3auth.io/docs/)""]",SDK,JavaScript,"[""Social logins"",""Wallet SDK""]",OAuth-based social login SDK enabling non-custodial key management and quick user onboarding for Web3 applications,Enterprise,,Custom,FALSE,FALSE,,TBD,TBD,TBD,TBD
web3auth-growth,Web3Auth,,"[""[Buy](https://web3auth.io/pricing.html)"",""[Docs](https://web3auth.io/docs/)""]",SDK,JavaScript,"[""Social logins"",""Wallet SDK""]",OAuth-based social login SDK enabling non-custodial key management and quick user onboarding for Web3 applications,Tiered,Growth,$69/mo,FALSE,FALSE,,TBD,TBD,TBD,TBD
web3auth-scale,Web3Auth,,"[""[Buy](https://web3auth.io/pricing.html)"",""[Docs](https://docs.metamask.io/embedded-wallets/)""]",SDK,JavaScript,"[""Social logins"",""Wallet SDK""]",OAuth-based social login SDK enabling non-custodial key management and quick user onboarding for Web3 applications,Tiered,Scale,$399/mo,FALSE,FALSE,,TBD,TBD,TBD,TBD
web3j,Web3j,,"[""[Docs](https://docs.web3j.io/)"",""[GitHub](https://github.com/LFDT-web3j/web3j)""]",Library,Java,"[""Ethereum"",""Java"",""Android"",""JSON-RPC"",""Smart contracts""]","Modular Java and Android library for integrating applications with Ethereum-compatible nodes, wallets, transactions, and smart contracts.",Public,,$0,FALSE,FALSE,"[""com.github.jnr:jnr-unixsocket@0.38.22"",""com.squareup.okhttp3:logging-interceptor@4.12.0"",""com.squareup.okhttp3:okhttp@4.12.0"",""io.consensys.tuweni:tuweni-bytes@2.7.0"",""io.consensys.tuweni:tuweni-units@2.7.0"",""io.github.adraffy:ens-normalize@0.2.0"",""io.reactivex.rxjava2:rxjava@2.2.21"",""org.java-websocket:Java-WebSocket@1.5.6"",""org.slf4j:slf4j-api@2.0.13"",""org.web3j:abi@6.0.0"",""org.web3j:crypto@6.0.0"",""org.web3j:tuples@6.0.0"",""software.amazon.awssdk:kms@2.27.24"",""tools.jackson.core:jackson-databind@3.1.0""]",,,,
wormhole-sdk-free,Wormhole,SDK,"[""[Docs](https://wormhole.com/docs/tools/typescript-sdk/get-started/)""]",SDK,TypeScript,"[""Cross-chain messaging"",""Interoperability"",""Multi-chain SDK"",""Bridge infrastructure""]",Open-source TypeScript SDK that enables developers to build cross-chain applications and transfer tokens or messages across multiple blockchains using the Wormhole interoperability protocol,Free,,$0,FALSE,FALSE,"[""@wormhole-foundation/sdk-algorand@6.1.5"",""@wormhole-foundation/sdk-algorand-core@6.1.5"",""@wormhole-foundation/sdk-algorand-tokenbridge@6.1.5"",""@wormhole-foundation/sdk-aptos@6.1.5"",""@wormhole-foundation/sdk-aptos-cctp@6.1.5"",""@wormhole-foundation/sdk-aptos-core@6.1.5"",""@wormhole-foundation/sdk-aptos-tokenbridge@6.1.5"",""@wormhole-foundation/sdk-base@6.1.5"",""@wormhole-foundation/sdk-btc@6.1.5"",""@wormhole-foundation/sdk-connect@6.1.5"",""@wormhole-foundation/sdk-cosmwasm@6.1.5"",""@wormhole-foundation/sdk-cosmwasm-core@6.1.5"",""@wormhole-foundation/sdk-cosmwasm-ibc@6.1.5"",""@wormhole-foundation/sdk-cosmwasm-tokenbridge@6.1.5"",""@wormhole-foundation/sdk-definitions@6.1.5"",""@wormhole-foundation/sdk-evm@6.1.5"",""@wormhole-foundation/sdk-evm-cctp@6.1.5"",""@wormhole-foundation/sdk-evm-core@6.1.5"",""@wormhole-foundation/sdk-evm-portico@6.1.5"",""@wormhole-foundation/sdk-evm-tbtc@6.1.5"",""@wormhole-foundation/sdk-evm-tokenbridge@6.1.5"",""@wormhole-foundation/sdk-solana@6.1.5"",""@wormhole-foundation/sdk-solana-cctp@6.1.5"",""@wormhole-foundation/sdk-solana-core@6.1.5"",""@wormhole-foundation/sdk-solana-tbtc@6.1.5"",""@wormhole-foundation/sdk-solana-tokenbridge@6.1.5"",""@wormhole-foundation/sdk-stacks@6.1.5"",""@wormhole-foundation/sdk-stacks-core@6.1.5"",""@wormhole-foundation/sdk-sui@6.1.5"",""@wormhole-foundation/sdk-sui-cctp@6.1.5"",""@wormhole-foundation/sdk-sui-core@6.1.5"",""@wormhole-foundation/sdk-sui-tokenbridge@6.1.5"",""@wormhole-foundation/sdk-xrpl@6.1.5""]",TBD,TBD,TBD,Apache-2.0
wormhole-sdk-usage,Wormhole,SDK,"[""[Docs](https://wormhole.com/docs/tools/typescript-sdk/get-started/)""]",SDK,TypeScript,"[""Cross-chain messaging"",""Interoperability"",""Multi-chain SDK"",""Bridge infrastructure""]",SDK used to build cross-chain applications on Wormhole where developers pay relayer and blockchain gas fees for message passing and token transfers across networks,Pay-as-you-go,,Variable network gas + relayer fees,FALSE,FALSE,"[""@wormhole-foundation/sdk-algorand@6.1.5"",""@wormhole-foundation/sdk-algorand-core@6.1.5"",""@wormhole-foundation/sdk-algorand-tokenbridge@6.1.5"",""@wormhole-foundation/sdk-aptos@6.1.5"",""@wormhole-foundation/sdk-aptos-cctp@6.1.5"",""@wormhole-foundation/sdk-aptos-core@6.1.5"",""@wormhole-foundation/sdk-aptos-tokenbridge@6.1.5"",""@wormhole-foundation/sdk-base@6.1.5"",""@wormhole-foundation/sdk-btc@6.1.5"",""@wormhole-foundation/sdk-connect@6.1.5"",""@wormhole-foundation/sdk-cosmwasm@6.1.5"",""@wormhole-foundation/sdk-cosmwasm-core@6.1.5"",""@wormhole-foundation/sdk-cosmwasm-ibc@6.1.5"",""@wormhole-foundation/sdk-cosmwasm-tokenbridge@6.1.5"",""@wormhole-foundation/sdk-definitions@6.1.5"",""@wormhole-foundation/sdk-evm@6.1.5"",""@wormhole-foundation/sdk-evm-cctp@6.1.5"",""@wormhole-foundation/sdk-evm-core@6.1.5"",""@wormhole-foundation/sdk-evm-portico@6.1.5"",""@wormhole-foundation/sdk-evm-tbtc@6.1.5"",""@wormhole-foundation/sdk-evm-tokenbridge@6.1.5"",""@wormhole-foundation/sdk-solana@6.1.5"",""@wormhole-foundation/sdk-solana-cctp@6.1.5"",""@wormhole-foundation/sdk-solana-core@6.1.5"",""@wormhole-foundation/sdk-solana-tbtc@6.1.5"",""@wormhole-foundation/sdk-solana-tokenbridge@6.1.5"",""@wormhole-foundation/sdk-stacks@6.1.5"",""@wormhole-foundation/sdk-stacks-core@6.1.5"",""@wormhole-foundation/sdk-sui@6.1.5"",""@wormhole-foundation/sdk-sui-cctp@6.1.5"",""@wormhole-foundation/sdk-sui-core@6.1.5"",""@wormhole-foundation/sdk-sui-tokenbridge@6.1.5"",""@wormhole-foundation/sdk-xrpl@6.1.5""]",TBD,TBD,TBD,Apache-2.0
zerion-de-fi-sdk-builder,DeFi,SDK,"[""[Website](https://github.com/zeriontech/defi-sdk)"",""[Buy](https://zerion.io/api#:~:text=Pricing%20Tiers,Custom%20Pricing%20&%20Features)""]",Decentralized Finance Protocol Integration SDK,JavaScript,"[""Portfolio Management"",""Liquidity Aggregation"",""Protocol Integration""]","It is an open-source system of smart contracts that provides a unified, simplified interface for developers to interact with a wide range of Decentralized Finance (DeFi) protocols",Tiered,Builder,$149/mo,FALSE,FALSE,,TBD,TBD,TBD,TBD
zerion-de-fi-sdk-developer,DeFi,SDK,"[""[Website](https://github.com/zeriontech/defi-sdk)"",""[Buy](https://zerion.io/api#:~:text=Pricing%20Tiers,Custom%20Pricing%20&%20Features)""]",Decentralized Finance Protocol Integration SDK,JavaScript,"[""Portfolio Management"",""Liquidity Aggregation"",""Protocol Integration""]","It is an open-source system of smart contracts that provides a unified, simplified interface for developers to interact with a wide range of Decentralized Finance (DeFi) protocols",Tiered,Developer,$0,FALSE,FALSE,,TBD,TBD,TBD,TBD
zerion-de-fi-sdk-enterprise,DeFi,SDK,"[""[Website](https://github.com/zeriontech/defi-sdk)"",""[Buy](https://zerion.io/api#:~:text=Pricing%20Tiers,Custom%20Pricing%20&%20Features)""]",Decentralized Finance Protocol Integration SDK,JavaScript,"[""Portfolio Management"",""Liquidity Aggregation"",""Protocol Integration""]","It is an open-source system of smart contracts that provides a unified, simplified interface for developers to interact with a wide range of Decentralized Finance (DeFi) protocols",Enterprise,,Custom,FALSE,FALSE,,TBD,TBD,TBD,TBD
zerion-de-fi-sdk-starter,DeFi,SDK,"[""[Website](https://github.com/zeriontech/defi-sdk)"",""[Buy](https://zerion.io/api#:~:text=Pricing%20Tiers,Custom%20Pricing%20&%20Features)""]",Decentralized Finance Protocol Integration SDK,JavaScript,"[""Portfolio Management"",""Liquidity Aggregation"",""Protocol Integration""]","It is an open-source system of smart contracts that provides a unified, simplified interface for developers to interact with a wide range of Decentralized Finance (DeFi) protocols",Tiered,Starter,$499/mo,FALSE,FALSE,,TBD,TBD,TBD,TBD
zksync-sdk,Zksync,,"[""[Docs](https://docs.zksync.io/zksync-network/sdk)""]",SDK,JavaScript,"[""SDK""]",Trustless asset transfers and fast cross-chain interactions between ZKsync chains,Free,,$0,FALSE,FALSE,,TBD,TBD,TBD,TBD
