slug,provider,offer,actionButtons,planName,planType,historicalData,apiType,technology,chain,accessPrice,queryPrice,starred,trial,availableApis,limitations,securityImprovements,monitoringAndAnalytics,regions,additionalFeatures,address,tag,uptimeSla,blocksBehindSla,bandwidthSla,supportSla
1rpc-mainnet-developer-recent-state,,!offer:1rpc-developer-recent-state,"[""[Buy](https://www.1rpc.io/#pricing)"",""[Docs](https://docs.1rpc.io/)""]",,,,,,mainnet,,,,,,,,,,,,,,,,
1rpc-mainnet-personal-recent-state,,!offer:1rpc-personal-recent-state,"[""[Buy](https://www.1rpc.io/#pricing)"",""[Docs](https://docs.1rpc.io/)""]",,,,,,mainnet,,,,,,,,,,,,,,,,
1rpc-mainnet-public-recent-state,,!offer:1rpc-public-recent-state,"[""[Website](https://www.1rpc.io/)"",""[Docs](https://docs.1rpc.io/)""]",,,,,,mainnet,,,,,,,,,,,,,,,,
1rpc-mainnet-starter-recent-state,,!offer:1rpc-starter-recent-state,"[""[Buy](https://www.1rpc.io/#pricing)"",""[Docs](https://docs.1rpc.io/)""]",,,,,,mainnet,,,,,,,,,,,,,,,,
allthatnode-mainnet-dedicated-full-archive,,!offer:allthatnode-dedicated-full-archive,"[""[Website](https://www.allthatnode.com/dedicatednode.dsrv)"",""[Docs](https://docs.allthatnode.com/docs/supported-protocols-2)""]",,,,,,mainnet,,,,,,,,,,,,,,,,
allthatnode-mainnet-dedicated-recent-state,,!offer:allthatnode-dedicated-recent-state,"[""[Website](https://www.allthatnode.com/dedicatednode.dsrv)"",""[Docs](https://docs.allthatnode.com/docs/supported-protocols-2)""]",,,,,,mainnet,,,,,,,,,,,,,,,,
allthatnode-mainnet-free-full-archive,,!offer:allthatnode-free-full-archive,"[""[Website](https://www.allthatnode.com/protocol/aptos.dsrv)"",""[Docs](https://docs.allthatnode.com/docs/supported-protocols-1)""]",,,,,,mainnet,,,,,,,,,,,,,,,,
allthatnode-mainnet-free-recent-state,,!offer:allthatnode-free-recent-state,"[""[Website](https://www.allthatnode.com/protocol/aptos.dsrv)"",""[Docs](https://docs.allthatnode.com/docs/supported-protocols-1)""]",,,,,,mainnet,,,,,,,,,,,,,,,,
allthatnode-mainnet-scale-full-archive,,!offer:allthatnode-scale-full-archive,"[""[Buy](https://www.allthatnode.com/pricing.dsrv)"",""[Docs](https://docs.allthatnode.com/docs/supported-protocols-1)""]",,,,,,mainnet,,,,,,,,,,,,,,,,
allthatnode-mainnet-scale-recent-state,,!offer:allthatnode-scale-recent-state,"[""[Buy](https://www.allthatnode.com/pricing.dsrv)"",""[Docs](https://docs.allthatnode.com/docs/supported-protocols-1)""]",,,,,,mainnet,,,,,,,,,,,,,,,,
allthatnode-mainnet-starter-full-archive,,!offer:allthatnode-starter-full-archive,"[""[Buy](https://www.allthatnode.com/pricing.dsrv)"",""[Docs](https://docs.allthatnode.com/docs/supported-protocols-1)""]",,,,,,mainnet,,,,,,,,,,,,,,,,
allthatnode-mainnet-starter-recent-state,,!offer:allthatnode-starter-recent-state,"[""[Buy](https://www.allthatnode.com/pricing.dsrv)"",""[Docs](https://docs.allthatnode.com/docs/supported-protocols-1)""]",,,,,,mainnet,,,,,,,,,,,,,,,,
allthatnode-testnet-dedicated-full-archive,,!offer:allthatnode-dedicated-full-archive,"[""[Website](https://www.allthatnode.com/dedicatednode.dsrv)"",""[Docs](https://docs.allthatnode.com/docs/supported-protocols-2)""]",,,,,,testnet,,,,,,,,,,,,,,,,
allthatnode-testnet-dedicated-recent-state,,!offer:allthatnode-dedicated-recent-state,"[""[Website](https://www.allthatnode.com/dedicatednode.dsrv)"",""[Docs](https://docs.allthatnode.com/docs/supported-protocols-2)""]",,,,,,testnet,,,,,,,,,,,,,,,,
allthatnode-testnet-free-full-archive,,!offer:allthatnode-free-full-archive,"[""[Website](https://www.allthatnode.com/protocol/aptos.dsrv)"",""[Docs](https://docs.allthatnode.com/docs/supported-protocols-1)""]",,,,,,testnet,,,,,,,,,,,,,,,,
allthatnode-testnet-free-recent-state,,!offer:allthatnode-free-recent-state,"[""[Website](https://www.allthatnode.com/protocol/aptos.dsrv)"",""[Docs](https://docs.allthatnode.com/docs/supported-protocols-1)""]",,,,,,testnet,,,,,,,,,,,,,,,,
allthatnode-testnet-scale-full-archive,,!offer:allthatnode-scale-full-archive,"[""[Buy](https://www.allthatnode.com/pricing.dsrv)"",""[Docs](https://docs.allthatnode.com/docs/supported-protocols-1)""]",,,,,,testnet,,,,,,,,,,,,,,,,
allthatnode-testnet-scale-recent-state,,!offer:allthatnode-scale-recent-state,"[""[Buy](https://www.allthatnode.com/pricing.dsrv)"",""[Docs](https://docs.allthatnode.com/docs/supported-protocols-1)""]",,,,,,testnet,,,,,,,,,,,,,,,,
allthatnode-testnet-starter-full-archive,,!offer:allthatnode-starter-full-archive,"[""[Buy](https://www.allthatnode.com/pricing.dsrv)"",""[Docs](https://docs.allthatnode.com/docs/supported-protocols-1)""]",,,,,,testnet,,,,,,,,,,,,,,,,
allthatnode-testnet-starter-recent-state,,!offer:allthatnode-starter-recent-state,"[""[Buy](https://www.allthatnode.com/pricing.dsrv)"",""[Docs](https://docs.allthatnode.com/docs/supported-protocols-1)""]",,,,,,testnet,,,,,,,,,,,,,,,,
blockdaemon-mainnet-dedicated-recent-state,,!offer:blockdaemon-dedicated-recent-state,"[""[Website](https://www.blockdaemon.com/protocols/bnb-chain)"",""[Docs](https://docs.blockdaemon.com/docs/bnb)""]",,,,,,mainnet,,,,,,,,,,,,,,,,
blockdaemon-testnet-dedicated-recent-state,,!offer:blockdaemon-dedicated-recent-state,"[""[Website](https://www.blockdaemon.com/protocols/bnb-chain)"",""[Docs](https://docs.blockdaemon.com/docs/bnb)""]",,,,,,testnet,,,,,,,,,,,,,,,,
blockeden-mainnet-basic-full-archive,,!offer:blockeden-basic-full-archive,,,,,,,mainnet,,,,,,,,,,,,,,,,
blockeden-mainnet-basic-recent-state,,!offer:blockeden-basic-recent-state,,,,,,,mainnet,,,,,,,,,,,,,,,,
blockeden-mainnet-enterprise-50-full-archive,,!offer:blockeden-enterprise-50-full-archive,,,,,,,mainnet,,,,,,,,,,,,,,,,
blockeden-mainnet-enterprise-50-recent-state,,!offer:blockeden-enterprise-50-recent-state,,,,,,,mainnet,,,,,,,,,,,,,,,,
blockeden-mainnet-enterprise-500-full-archive,,!offer:blockeden-enterprise-500-full-archive,,,,,,,mainnet,,,,,,,,,,,,,,,,
blockeden-mainnet-enterprise-500-recent-state,,!offer:blockeden-enterprise-500-recent-state,,,,,,,mainnet,,,,,,,,,,,,,,,,
blockeden-mainnet-free-full-archive,,!offer:blockeden-free-full-archive,,,,,,,mainnet,,,,,,,,,,,,,,,,
blockeden-mainnet-free-recent-state,,!offer:blockeden-free-recent-state,,,,,,,mainnet,,,,,,,,,,,,,,,,
blockeden-mainnet-pro-full-archive,,!offer:blockeden-pro-full-archive,,,,,,,mainnet,,,,,,,,,,,,,,,,
blockeden-mainnet-pro-recent-state,,!offer:blockeden-pro-recent-state,,,,,,,mainnet,,,,,,,,,,,,,,,,
blockeden-testnet-basic-full-archive,,!offer:blockeden-basic-full-archive,,,,,,,testnet,,,,,,,,,,,,,,,,
blockeden-testnet-basic-recent-state,,!offer:blockeden-basic-recent-state,,,,,,,testnet,,,,,,,,,,,,,,,,
blockeden-testnet-enterprise-50-full-archive,,!offer:blockeden-enterprise-50-full-archive,,,,,,,testnet,,,,,,,,,,,,,,,,
blockeden-testnet-enterprise-50-recent-state,,!offer:blockeden-enterprise-50-recent-state,,,,,,,testnet,,,,,,,,,,,,,,,,
blockeden-testnet-enterprise-500-full-archive,,!offer:blockeden-enterprise-500-full-archive,,,,,,,testnet,,,,,,,,,,,,,,,,
blockeden-testnet-enterprise-500-recent-state,,!offer:blockeden-enterprise-500-recent-state,,,,,,,testnet,,,,,,,,,,,,,,,,
blockeden-testnet-free-full-archive,,!offer:blockeden-free-full-archive,,,,,,,testnet,,,,,,,,,,,,,,,,
blockeden-testnet-free-recent-state,,!offer:blockeden-free-recent-state,,,,,,,testnet,,,,,,,,,,,,,,,,
blockeden-testnet-pro-full-archive,,!offer:blockeden-pro-full-archive,,,,,,,testnet,,,,,,,,,,,,,,,,
blockeden-testnet-pro-recent-state,,!offer:blockeden-pro-recent-state,,,,,,,testnet,,,,,,,,,,,,,,,,
blockpi-mainnet-dedicated-full-archive,,!offer:blockpi-dedicated-full-archive,,,,,,,mainnet,,,,,,,,,,,,,,,,
blockpi-mainnet-dedicated-recent-state,,!offer:blockpi-dedicated-recent-state,,,,,,,mainnet,,,,,,,,,,,,,,,,
blockpi-mainnet-elementary-full-archive,,!offer:blockpi-elementary-full-archive,"[""[Buy](https://blockpi.io/pricing/)"",""[Docs](https://docs.blockpi.io/build/api-reference/bsc)""]",,,,,,mainnet,,,,,,,,,,,,,,,,
blockpi-mainnet-elementary-recent-state,,!offer:blockpi-elementary-recent-state,"[""[Buy](https://blockpi.io/pricing/)"",""[Docs](https://docs.blockpi.io/build/api-reference/bsc)""]",,,,,,mainnet,,,,,,,,,,,,,,,,
blockpi-mainnet-free-full-archive,,!offer:blockpi-free-full-archive,"[""[Website](https://blockpi.io/chain/bsc/)"",""[Docs](https://docs.blockpi.io/build/api-reference/bsc)""]",,,,,,mainnet,,,,,,,,,,,,,,,,
blockpi-mainnet-free-recent-state,,!offer:blockpi-free-recent-state,"[""[Website](https://blockpi.io/chain/bsc/)"",""[Docs](https://docs.blockpi.io/build/api-reference/bsc)""]",,,,,,mainnet,,,,,,,,,,,,,,,,
blockpi-mainnet-pay-as-you-go-full-archive,,!offer:blockpi-pay-as-you-go-full-archive,"[""[Buy](https://blockpi.io/pricing/)"",""[Docs](https://docs.blockpi.io/build/api-reference/bsc)""]",,,,,,mainnet,,,,,,,,,,,,,,,,
blockpi-mainnet-pay-as-you-go-recent-state,,!offer:blockpi-pay-as-you-go-recent-state,"[""[Buy](https://blockpi.io/pricing/)"",""[Docs](https://docs.blockpi.io/build/api-reference/bsc)""]",,,,,,mainnet,,,,,,,,,,,,,,,,
blockpi-mainnet-premium-full-archive,,!offer:blockpi-premium-full-archive,"[""[Buy](https://blockpi.io/pricing/)"",""[Docs](https://docs.blockpi.io/build/api-reference/bsc)""]",,,,,,mainnet,,,,,,,,,,,,,,,,
blockpi-mainnet-premium-recent-state,,!offer:blockpi-premium-recent-state,"[""[Buy](https://blockpi.io/pricing/)"",""[Docs](https://docs.blockpi.io/build/api-reference/bsc)""]",,,,,,mainnet,,,,,,,,,,,,,,,,
blockpi-testnet-dedicated-full-archive,,!offer:blockpi-dedicated-full-archive,,,,,,,testnet,,,,,,,,,,,,,,,,
blockpi-testnet-dedicated-recent-state,,!offer:blockpi-dedicated-recent-state,,,,,,,testnet,,,,,,,,,,,,,,,,
blockpi-testnet-elementary-full-archive,,!offer:blockpi-elementary-full-archive,"[""[Buy](https://blockpi.io/pricing/)"",""[Docs](https://docs.blockpi.io/build/api-reference/bsc)""]",,,,,,testnet,,,,,,,,,,,,,,,,
blockpi-testnet-elementary-recent-state,,!offer:blockpi-elementary-recent-state,"[""[Buy](https://blockpi.io/pricing/)"",""[Docs](https://docs.blockpi.io/build/api-reference/bsc)""]",,,,,,testnet,,,,,,,,,,,,,,,,
blockpi-testnet-free-full-archive,,!offer:blockpi-free-full-archive,"[""[Website](https://blockpi.io/chain/bsc/)"",""[Docs](https://docs.blockpi.io/build/api-reference/bsc)""]",,,,,,testnet,,,,,,,,,,,,,,,,
blockpi-testnet-free-recent-state,,!offer:blockpi-free-recent-state,"[""[Website](https://blockpi.io/chain/bsc/)"",""[Docs](https://docs.blockpi.io/build/api-reference/bsc)""]",,,,,,testnet,,,,,,,,,,,,,,,,
blockpi-testnet-pay-as-you-go-full-archive,,!offer:blockpi-pay-as-you-go-full-archive,"[""[Buy](https://blockpi.io/pricing/)"",""[Docs](https://docs.blockpi.io/build/api-reference/bsc)""]",,,,,,testnet,,,,,,,,,,,,,,,,
blockpi-testnet-pay-as-you-go-recent-state,,!offer:blockpi-pay-as-you-go-recent-state,"[""[Buy](https://blockpi.io/pricing/)"",""[Docs](https://docs.blockpi.io/build/api-reference/bsc)""]",,,,,,testnet,,,,,,,,,,,,,,,,
blockpi-testnet-premium-full-archive,,!offer:blockpi-premium-full-archive,"[""[Buy](https://blockpi.io/pricing/)"",""[Docs](https://docs.blockpi.io/build/api-reference/bsc)""]",,,,,,testnet,,,,,,,,,,,,,,,,
blockpi-testnet-premium-recent-state,,!offer:blockpi-premium-recent-state,"[""[Buy](https://blockpi.io/pricing/)"",""[Docs](https://docs.blockpi.io/build/api-reference/bsc)""]",,,,,,testnet,,,,,,,,,,,,,,,,
chainbase-mainnet-developer-custom,,!offer:chainbase-developer-custom,"[""[Buy](https://platform.chainbase.com/pricing)"",""[Docs](https://docs.chainbase.com/catalog/BSC/Overview)""]",,,,,,mainnet,,,,,,,,,,,,,,,,
chainbase-mainnet-free-custom,,!offer:chainbase-free-custom,"[""[Website](https://platform.chainbase.com/chainNetwork/BSC)"",""[Docs](https://docs.chainbase.com/catalog/BSC/Overview)""]",,,,,,mainnet,,,,,,,,,,,,,,,,
chainbase-testnet-developer-custom,,!offer:chainbase-developer-custom,"[""[Buy](https://platform.chainbase.com/pricing)"",""[Docs](https://docs.chainbase.com/catalog/OtherEvm/BNB_Smart_Chain_Testnet)""]",,,,,,testnet,,,,,,,,,,,,,,,,
chainbase-testnet-free-custom,,!offer:chainbase-free-custom,"[""[Website](https://platform.chainbase.com/chainNetwork/BSC)"",""[Docs](https://docs.chainbase.com/catalog/OtherEvm/BNB_Smart_Chain_Testnet)""]",,,,,,testnet,,,,,,,,,,,,,,,,
chainstack-mainnet-business-full-archive,,!offer:chainstack-business-full-archive,"[""[Buy](https://chainstack.referral-factory.com/uDAlJWDK)"",""[Docs](https://docs.chainstack.com/reference/getting-started-bnb-chain)""]",,,,,,mainnet,,,,,,,,,,,,,,,,
chainstack-mainnet-business-recent-state,,!offer:chainstack-business-recent-state,"[""[Buy](https://chainstack.referral-factory.com/uDAlJWDK)"",""[Docs](https://docs.chainstack.com/reference/getting-started-bnb-chain)""]",,,,,,mainnet,,,,,,,,,,,,,,,,
chainstack-mainnet-developer-recent-state,,!offer:chainstack-developer-recent-state,"[""[Website](https://chainstack.referral-factory.com/uDAlJWDK)"",""[Docs](https://docs.chainstack.com/reference/getting-started-bnb-chain)""]",,,,,,mainnet,,,,,,,,,,,,,,,,
chainstack-mainnet-growth-full-archive,,!offer:chainstack-growth-full-archive,"[""[Buy](https://chainstack.referral-factory.com/uDAlJWDK)"",""[Docs](https://docs.chainstack.com/reference/getting-started-bnb-chain)""]",,,,,,mainnet,,,,,,,,,,,,,,,,
chainstack-mainnet-growth-recent-state,,!offer:chainstack-growth-recent-state,"[""[Buy](https://chainstack.referral-factory.com/uDAlJWDK)"",""[Docs](https://docs.chainstack.com/reference/getting-started-bnb-chain)""]",,,,,,mainnet,,,,,,,,,,,,,,,,
chainstack-mainnet-pro-full-archive,,!offer:chainstack-pro-full-archive,"[""[Buy](https://chainstack.referral-factory.com/uDAlJWDK)"",""[Docs](https://docs.chainstack.com/reference/getting-started-bnb-chain)""]",,,,,,mainnet,,,,,,,,,,,,,,,,
chainstack-mainnet-pro-recent-state,,!offer:chainstack-pro-recent-state,"[""[Buy](https://chainstack.referral-factory.com/uDAlJWDK)"",""[Docs](https://docs.chainstack.com/reference/getting-started-bnb-chain)""]",,,,,,mainnet,,,,,,,,,,,,,,,,
chainstack-testnet-business-full-archive,,!offer:chainstack-business-full-archive,"[""[Buy](https://chainstack.referral-factory.com/uDAlJWDK)"",""[Docs](https://docs.chainstack.com/reference/getting-started-bnb-chain)""]",,,,,,testnet,,,,,,,,,,,,,,,,
chainstack-testnet-business-recent-state,,!offer:chainstack-business-recent-state,"[""[Buy](https://chainstack.referral-factory.com/uDAlJWDK)"",""[Docs](https://docs.chainstack.com/reference/getting-started-bnb-chain)""]",,,,,,testnet,,,,,,,,,,,,,,,,
chainstack-testnet-developer-recent-state,,!offer:chainstack-developer-recent-state,"[""[Website](https://chainstack.referral-factory.com/uDAlJWDK)"",""[Docs](https://docs.chainstack.com/reference/getting-started-bnb-chain)""]",,,,,,testnet,,,,,,,,,,,,,,,,
chainstack-testnet-growth-full-archive,,!offer:chainstack-growth-full-archive,"[""[Buy](https://chainstack.referral-factory.com/uDAlJWDK)"",""[Docs](https://docs.chainstack.com/reference/getting-started-bnb-chain)""]",,,,,,testnet,,,,,,,,,,,,,,,,
chainstack-testnet-growth-recent-state,,!offer:chainstack-growth-recent-state,"[""[Buy](https://chainstack.referral-factory.com/uDAlJWDK)"",""[Docs](https://docs.chainstack.com/reference/getting-started-bnb-chain)""]",,,,,,testnet,,,,,,,,,,,,,,,,
chainstack-testnet-pro-full-archive,,!offer:chainstack-pro-full-archive,"[""[Buy](https://chainstack.referral-factory.com/uDAlJWDK)"",""[Docs](https://docs.chainstack.com/reference/getting-started-bnb-chain)""]",,,,,,testnet,,,,,,,,,,,,,,,,
chainstack-testnet-pro-recent-state,,!offer:chainstack-pro-recent-state,"[""[Buy](https://chainstack.referral-factory.com/uDAlJWDK)"",""[Docs](https://docs.chainstack.com/reference/getting-started-bnb-chain)""]",,,,,,testnet,,,,,,,,,,,,,,,,
crypto-apis-mainnet-dedicated-full-archive,,!offer:crypto-apis-dedicated-full-archive,,,,,,,mainnet,$3679,,,,,,,,,,,,,,,
crypto-apis-mainnet-dedicated-recent-state,,!offer:crypto-apis-dedicated-recent-state,,,,,,,mainnet,$3679,,,,,,,,,,,,,,,
crypto-apis-testnet-dedicated-full-archive,,!offer:crypto-apis-dedicated-full-archive,,,,,,,testnet,,,,,,,,,,,,,,,,
crypto-apis-testnet-dedicated-recent-state,,!offer:crypto-apis-dedicated-recent-state,,,,,,,testnet,,,,,,,,,,,,,,,,
crypto-apis-testnet-free-full-archive,,!offer:crypto-apis-free-full-archive,,,,,,,testnet,,,,,,,,,,,,,,,,
crypto-apis-testnet-free-recent-state,,!offer:crypto-apis-free-recent-state,,,,,,,testnet,,,,,,,,,,,,,,,,
crypto-apis-testnet-pro-full-archive,,!offer:crypto-apis-pro-full-archive,,,,,,,testnet,,,,,,,,,,,,,,,,
crypto-apis-testnet-pro-recent-state,,!offer:crypto-apis-pro-recent-state,,,,,,,testnet,,,,,,,,,,,,,,,,
crypto-apis-testnet-scale-full-archive,,!offer:crypto-apis-scale-full-archive,,,,,,,testnet,,,,,,,,,,,,,,,,
crypto-apis-testnet-scale-recent-state,,!offer:crypto-apis-scale-recent-state,,,,,,,testnet,,,,,,,,,,,,,,,,
crypto-apis-testnet-starter-full-archive,,!offer:crypto-apis-starter-full-archive,,,,,,,testnet,,,,,,,,,,,,,,,,
crypto-apis-testnet-starter-recent-state,,!offer:crypto-apis-starter-recent-state,,,,,,,testnet,,,,,,,,,,,,,,,,
dwellir-mainnet-developer-recent-state,,!offer:dwellir-developer-recent-state,"[""[Buy](https://www.dwellir.com/pricing)"",""[Docs](https://www.dwellir.com/docs/bsc)""]",,,,,,mainnet,,,,,,,,,,,,,,,,
dwellir-mainnet-free-recent-state,,!offer:dwellir-free-recent-state,"[""[Website](https://www.dwellir.com/networks/binance-smart-chain)"",""[Docs](https://www.dwellir.com/docs/bsc)""]",,,,,,mainnet,,,,,,,,,,,,,,,,
dwellir-mainnet-growth-recent-state,,!offer:dwellir-growth-recent-state,"[""[Buy](https://www.dwellir.com/pricing)"",""[Docs](https://www.dwellir.com/docs/bsc)""]",,,,,,mainnet,,,,,,,,,,,,,,,,
dwellir-mainnet-scale-recent-state,,!offer:dwellir-scale-recent-state,"[""[Buy](https://www.dwellir.com/pricing)"",""[Docs](https://www.dwellir.com/docs/bsc)""]",,,,,,mainnet,,,,,,,,,,,,,,,,
dwellir-testnet-developer-recent-state,,!offer:dwellir-developer-recent-state,"[""[Buy](https://www.dwellir.com/pricing)"",""[Docs](https://www.dwellir.com/docs/bsc)""]",,,,,,testnet,,,,,,,,,,,,,,,,
dwellir-testnet-free-recent-state,,!offer:dwellir-free-recent-state,"[""[Website](https://www.dwellir.com/networks/binance-smart-chain)"",""[Docs](https://www.dwellir.com/docs/bsc)""]",,,,,,testnet,,,,,,,,,,,,,,,,
dwellir-testnet-growth-recent-state,,!offer:dwellir-growth-recent-state,"[""[Buy](https://www.dwellir.com/pricing)"",""[Docs](https://www.dwellir.com/docs/bsc)""]",,,,,,testnet,,,,,,,,,,,,,,,,
dwellir-testnet-scale-recent-state,,!offer:dwellir-scale-recent-state,"[""[Buy](https://www.dwellir.com/pricing)"",""[Docs](https://www.dwellir.com/docs/bsc)""]",,,,,,testnet,,,,,,,,,,,,,,,,
etherscan-api-mainnet-advanced-full-archive,,!offer:etherscan-api-advanced-full-archive,"[""[Docs](https://docs.etherscan.io/supported-chains)""]",,,,,,mainnet,,,,,,,,,,,,,,,,
etherscan-api-mainnet-lite-full-archive,,!offer:etherscan-api-lite-full-archive,"[""[Docs](https://docs.etherscan.io/supported-chains)""]",,,,,,mainnet,,,,,,,,,,,,,,,,
etherscan-api-mainnet-pro-plus-full-archive,,!offer:etherscan-api-pro-plus-full-archive,"[""[Docs](https://docs.etherscan.io/supported-chains)""]",,,,,,mainnet,,,,,,,,,,,,,,,,
etherscan-api-mainnet-professional-full-archive,,!offer:etherscan-api-professional-full-archive,"[""[Docs](https://docs.etherscan.io/supported-chains)""]",,,,,,mainnet,,,,,,,,,,,,,,,,
etherscan-api-mainnet-standard-full-archive,,!offer:etherscan-api-standard-full-archive,"[""[Docs](https://docs.etherscan.io/supported-chains)""]",,,,,,mainnet,,,,,,,,,,,,,,,,
etherscan-api-testnet-advanced-full-archive,,!offer:etherscan-api-advanced-full-archive,"[""[Docs](https://docs.etherscan.io/supported-chains)""]",,,,,,testnet,,,,,,,,,,,,,,,,
etherscan-api-testnet-lite-full-archive,,!offer:etherscan-api-lite-full-archive,"[""[Docs](https://docs.etherscan.io/supported-chains)""]",,,,,,testnet,,,,,,,,,,,,,,,,
etherscan-api-testnet-pro-plus-full-archive,,!offer:etherscan-api-pro-plus-full-archive,"[""[Docs](https://docs.etherscan.io/supported-chains)""]",,,,,,testnet,,,,,,,,,,,,,,,,
etherscan-api-testnet-professional-full-archive,,!offer:etherscan-api-professional-full-archive,"[""[Docs](https://docs.etherscan.io/supported-chains)""]",,,,,,testnet,,,,,,,,,,,,,,,,
etherscan-api-testnet-standard-full-archive,,!offer:etherscan-api-standard-full-archive,"[""[Docs](https://docs.etherscan.io/supported-chains)""]",,,,,,testnet,,,,,,,,,,,,,,,,
getblock-mainnet-advanced-full-archive,,!offer:getblock-advanced-full-archive,"[""[Buy](https://account.getblock.io/sign-up?ref=YzczMmRjMTEtMGIyOC01YmZiLTlmNjAtZmRlM2VkODAyYjNk)"",""[Docs](https://docs.getblock.io/api-reference/bnb-smart-chain-bsc)""]",,,,,,mainnet,,,,,,,,,,,,,,,,
getblock-mainnet-advanced-recent-state,,!offer:getblock-advanced-recent-state,"[""[Buy](https://account.getblock.io/sign-up?ref=YzczMmRjMTEtMGIyOC01YmZiLTlmNjAtZmRlM2VkODAyYjNk)"",""[Docs](https://docs.getblock.io/api-reference/bnb-smart-chain-bsc)""]",,,,,,mainnet,,,,,,,,,,,,,,,,
getblock-mainnet-dedicated-full-archive,,!offer:getblock-dedicated-full-archive,"[""[Contact](https://account.getblock.io/sign-up?ref=YzczMmRjMTEtMGIyOC01YmZiLTlmNjAtZmRlM2VkODAyYjNk)"",""[Docs](https://docs.getblock.io/api-reference/bnb-smart-chain-bsc)""]",,,,,,mainnet,,,,,,,,,,,,,,,,
getblock-mainnet-dedicated-recent-state,,!offer:getblock-dedicated-recent-state,"[""[Contact](https://account.getblock.io/sign-up?ref=YzczMmRjMTEtMGIyOC01YmZiLTlmNjAtZmRlM2VkODAyYjNk)"",""[Docs](https://docs.getblock.io/api-reference/bnb-smart-chain-bsc)""]",,,,,,mainnet,,,,,,,,,,,,,,,,
getblock-mainnet-free-recent-state,,!offer:getblock-free-recent-state,"[""[Website](https://account.getblock.io/sign-up?ref=YzczMmRjMTEtMGIyOC01YmZiLTlmNjAtZmRlM2VkODAyYjNk)"",""[Docs](https://docs.getblock.io/api-reference/bnb-smart-chain-bsc)""]",,,,,,mainnet,,,,,,,,,,,,,,,,
getblock-mainnet-pro-full-archive,,!offer:getblock-pro-full-archive,"[""[Buy](https://account.getblock.io/sign-up?ref=YzczMmRjMTEtMGIyOC01YmZiLTlmNjAtZmRlM2VkODAyYjNk)"",""[Docs](https://docs.getblock.io/api-reference/bnb-smart-chain-bsc)""]",,,,,,mainnet,,,,,,,,,,,,,,,,
getblock-mainnet-pro-recent-state,,!offer:getblock-pro-recent-state,"[""[Buy](https://account.getblock.io/sign-up?ref=YzczMmRjMTEtMGIyOC01YmZiLTlmNjAtZmRlM2VkODAyYjNk)"",""[Docs](https://docs.getblock.io/api-reference/bnb-smart-chain-bsc)""]",,,,,,mainnet,,,,,,,,,,,,,,,,
getblock-mainnet-starter-full-archive,,!offer:getblock-starter-full-archive,"[""[Buy](https://account.getblock.io/sign-up?ref=YzczMmRjMTEtMGIyOC01YmZiLTlmNjAtZmRlM2VkODAyYjNk)"",""[Docs](https://docs.getblock.io/api-reference/bnb-smart-chain-bsc)""]",,,,,,mainnet,,,,,,,,,,,,,,,,
getblock-mainnet-starter-recent-state,,!offer:getblock-starter-recent-state,"[""[Buy](https://account.getblock.io/sign-up?ref=YzczMmRjMTEtMGIyOC01YmZiLTlmNjAtZmRlM2VkODAyYjNk)"",""[Docs](https://docs.getblock.io/api-reference/bnb-smart-chain-bsc)""]",,,,,,mainnet,,,,,,,,,,,,,,,,
getblock-testnet-advanced-recent-state,,!offer:getblock-advanced-recent-state,"[""[Buy](https://account.getblock.io/sign-up?ref=YzczMmRjMTEtMGIyOC01YmZiLTlmNjAtZmRlM2VkODAyYjNk)"",""[Docs](https://docs.getblock.io/api-reference/bnb-smart-chain-bsc)""]",,,,,,testnet,,,,,,,,,,,,,,,,
getblock-testnet-dedicated-recent-state,,!offer:getblock-dedicated-recent-state,"[""[Contact](https://account.getblock.io/sign-up?ref=YzczMmRjMTEtMGIyOC01YmZiLTlmNjAtZmRlM2VkODAyYjNk)"",""[Docs](https://docs.getblock.io/api-reference/bnb-smart-chain-bsc)""]",,,,,,testnet,,,,,,,,,,,,,,,,
getblock-testnet-free-recent-state,,!offer:getblock-free-recent-state,"[""[Website](https://account.getblock.io/sign-up?ref=YzczMmRjMTEtMGIyOC01YmZiLTlmNjAtZmRlM2VkODAyYjNk)"",""[Docs](https://docs.getblock.io/api-reference/bnb-smart-chain-bsc)""]",,,,,,testnet,,,,,,,,,,,,,,,,
getblock-testnet-pro-recent-state,,!offer:getblock-pro-recent-state,"[""[Buy](https://account.getblock.io/sign-up?ref=YzczMmRjMTEtMGIyOC01YmZiLTlmNjAtZmRlM2VkODAyYjNk)"",""[Docs](https://docs.getblock.io/api-reference/bnb-smart-chain-bsc)""]",,,,,,testnet,,,,,,,,,,,,,,,,
getblock-testnet-starter-recent-state,,!offer:getblock-starter-recent-state,"[""[Buy](https://account.getblock.io/sign-up?ref=YzczMmRjMTEtMGIyOC01YmZiLTlmNjAtZmRlM2VkODAyYjNk)"",""[Docs](https://docs.getblock.io/api-reference/bnb-smart-chain-bsc)""]",,,,,,testnet,,,,,,,,,,,,,,,,
ginco-mainnet-free-indexer,,!offer:ginco-free-indexer,,,,,,,mainnet,,,,,,,,,,,,,,,,
ginco-mainnet-free-recent-state,,!offer:ginco-free-recent-state,,,,,,,mainnet,,,,,,,,,,,,,,,,
ginco-testnet-free-indexer,,!offer:ginco-free-indexer,,,,,,,testnet,,,,,,,,,,,,,,,,
ginco-testnet-free-recent-state,,!offer:ginco-free-recent-state,,,,,,,testnet,,,,,,,,,,,,,,,,
infstones-mainnet-expansion-full-archive,,!offer:infstones-expansion-full-archive,"[""[Buy](https://app.infstones.com/api/bsc/my-plan)"",""[Docs](https://docs.infstones.com/reference/bnb-chain-eth-subscribe)""]",,,,,,mainnet,,,,,,,,,,,,,,,,
infstones-mainnet-expansion-recent-state,,!offer:infstones-expansion-recent-state,"[""[Buy](https://app.infstones.com/api/bsc/my-plan)"",""[Docs](https://docs.infstones.com/reference/bnb-chain-eth-subscribe)""]",,,,,,mainnet,,,,,,,,,,,,,,,,
infstones-mainnet-free-full-archive,,!offer:infstones-free-full-archive,"[""[Buy](https://app.infstones.com/api/bsc/my-plan)"",""[Docs](https://docs.infstones.com/reference/bnb-chain-eth-subscribe)""]",,,,,,mainnet,,,,,,,,,,,,,,,,
infstones-mainnet-free-recent-state,,!offer:infstones-free-recent-state,"[""[Buy](https://app.infstones.com/api/bsc/my-plan)"",""[Docs](https://docs.infstones.com/reference/bnb-chain-eth-subscribe)""]",,,,,,mainnet,,,,,,,,,,,,,,,,
infstones-mainnet-growth-full-archive,,!offer:infstones-growth-full-archive,"[""[Buy](https://app.infstones.com/api/bsc/my-plan)"",""[Docs](https://docs.infstones.com/reference/bnb-chain-eth-subscribe)""]",,,,,,mainnet,,,,,,,,,,,,,,,,
infstones-mainnet-growth-recent-state,,!offer:infstones-growth-recent-state,"[""[Buy](https://app.infstones.com/api/bsc/my-plan)"",""[Docs](https://docs.infstones.com/reference/bnb-chain-eth-subscribe)""]",,,,,,mainnet,,,,,,,,,,,,,,,,
infstones-mainnet-startup-full-archive,,!offer:infstones-startup-full-archive,"[""[Buy](https://app.infstones.com/api/bsc/my-plan)"",""[Docs](https://docs.infstones.com/reference/bnb-chain-eth-subscribe)""]",,,,,,mainnet,,,,,,,,,,,,,,,,
infstones-mainnet-startup-recent-state,,!offer:infstones-startup-recent-state,"[""[Buy](https://app.infstones.com/api/bsc/my-plan)"",""[Docs](https://docs.infstones.com/reference/bnb-chain-eth-subscribe)""]",,,,,,mainnet,,,,,,,,,,,,,,,,
infstones-testnet-expansion-full-archive,,!offer:infstones-expansion-full-archive,"[""[Buy](https://app.infstones.com/api/bsc/my-plan)"",""[Docs](https://docs.infstones.com/reference/bnb-chain-eth-subscribe)""]",,,,,,testnet,,,,,,,,,,,,,,,,
infstones-testnet-expansion-recent-state,,!offer:infstones-expansion-recent-state,"[""[Buy](https://app.infstones.com/api/bsc/my-plan)"",""[Docs](https://docs.infstones.com/reference/bnb-chain-eth-subscribe)""]",,,,,,testnet,,,,,,,,,,,,,,,,
infstones-testnet-free-full-archive,,!offer:infstones-free-full-archive,"[""[Buy](https://app.infstones.com/api/bsc/my-plan)"",""[Docs](https://docs.infstones.com/reference/bnb-chain-eth-subscribe)""]",,,,,,testnet,,,,,,,,,,,,,,,,
infstones-testnet-free-recent-state,,!offer:infstones-free-recent-state,"[""[Buy](https://app.infstones.com/api/bsc/my-plan)"",""[Docs](https://docs.infstones.com/reference/bnb-chain-eth-subscribe)""]",,,,,,testnet,,,,,,,,,,,,,,,,
infstones-testnet-growth-full-archive,,!offer:infstones-growth-full-archive,"[""[Buy](https://app.infstones.com/api/bsc/my-plan)"",""[Docs](https://docs.infstones.com/reference/bnb-chain-eth-subscribe)""]",,,,,,testnet,,,,,,,,,,,,,,,,
infstones-testnet-growth-recent-state,,!offer:infstones-growth-recent-state,"[""[Buy](https://app.infstones.com/api/bsc/my-plan)"",""[Docs](https://docs.infstones.com/reference/bnb-chain-eth-subscribe)""]",,,,,,testnet,,,,,,,,,,,,,,,,
infstones-testnet-startup-full-archive,,!offer:infstones-startup-full-archive,"[""[Buy](https://app.infstones.com/api/bsc/my-plan)"",""[Docs](https://docs.infstones.com/reference/bnb-chain-eth-subscribe)""]",,,,,,testnet,,,,,,,,,,,,,,,,
infstones-testnet-startup-recent-state,,!offer:infstones-startup-recent-state,"[""[Buy](https://app.infstones.com/api/bsc/my-plan)"",""[Docs](https://docs.infstones.com/reference/bnb-chain-eth-subscribe)""]",,,,,,testnet,,,,,,,,,,,,,,,,
infura-mainnet-core-full-archive,,!offer:infura-core-full-archive,"[""[Docs](https://docs.infura.io/reference/bnb-smart-chain/json-rpc-methods/)""]",,,,,,mainnet,,,,,,,,,,,,,,,,
infura-mainnet-core-recent-state,,!offer:infura-core-recent-state,"[""[Docs](https://docs.infura.io/reference/bnb-smart-chain/json-rpc-methods/)""]",,,,,,mainnet,,,,,,,,,,,,,,,,
infura-mainnet-developer-full-archive,,!offer:infura-developer-full-archive,"[""[Buy](https://www.infura.io/pricing)"",""[Docs](https://docs.infura.io/reference/bnb-smart-chain/json-rpc-methods/)""]",,,,,,mainnet,,,,,,,,,,,,,,,,
infura-mainnet-developer-recent-state,,!offer:infura-developer-recent-state,"[""[Buy](https://www.infura.io/pricing)"",""[Docs](https://docs.infura.io/reference/bnb-smart-chain/json-rpc-methods/)""]",,,,,,mainnet,,,,,,,,,,,,,,,,
infura-mainnet-team-full-archive,,!offer:infura-team-full-archive,"[""[Buy](https://www.infura.io/pricing)"",""[Docs](https://docs.infura.io/reference/bnb-smart-chain/json-rpc-methods/)""]",,,,,,mainnet,,,,,,,,,,,,,,,,
infura-mainnet-team-recent-state,,!offer:infura-team-recent-state,"[""[Buy](https://www.infura.io/pricing)"",""[Docs](https://docs.infura.io/reference/bnb-smart-chain/json-rpc-methods/)""]",,,,,,mainnet,,,,,,,,,,,,,,,,
infura-testnet-core-full-archive,,!offer:infura-core-full-archive,"[""[Docs](https://docs.infura.io/reference/bnb-smart-chain/json-rpc-methods/)""]",,,,,,testnet,,,,,,,,,,,,,,,,
infura-testnet-core-recent-state,,!offer:infura-core-recent-state,"[""[Docs](https://docs.infura.io/reference/bnb-smart-chain/json-rpc-methods/)""]",,,,,,testnet,,,,,,,,,,,,,,,,
infura-testnet-developer-full-archive,,!offer:infura-developer-full-archive,"[""[Buy](https://www.infura.io/pricing)"",""[Docs](https://docs.infura.io/reference/bnb-smart-chain/json-rpc-methods/)""]",,,,,,testnet,,,,,,,,,,,,,,,,
infura-testnet-developer-recent-state,,!offer:infura-developer-recent-state,"[""[Buy](https://www.infura.io/pricing)"",""[Docs](https://docs.infura.io/reference/bnb-smart-chain/json-rpc-methods/)""]",,,,,,testnet,,,,,,,,,,,,,,,,
infura-testnet-team-full-archive,,!offer:infura-team-full-archive,"[""[Buy](https://www.infura.io/pricing)"",""[Docs](https://docs.infura.io/reference/bnb-smart-chain/json-rpc-methods/)""]",,,,,,testnet,,,,,,,,,,,,,,,,
infura-testnet-team-recent-state,,!offer:infura-team-recent-state,"[""[Buy](https://www.infura.io/pricing)"",""[Docs](https://docs.infura.io/reference/bnb-smart-chain/json-rpc-methods/)""]",,,,,,testnet,,,,,,,,,,,,,,,,
llamanodes-mainnet-premium-full-archive,,!offer:llamanodes-premium-full-archive,,,,,,,mainnet,,,,,,,,,,,,,,,,
llamanodes-mainnet-premium-recent-state,,!offer:llamanodes-premium-recent-state,,,,,,,mainnet,,,,,,,,,,,,,,,,
llamanodes-mainnet-public-recent-state,,!offer:llamanodes-public-recent-state,,,,,,,mainnet,,,,,,,,,,,,,,,,
moralis-mainnet-business-full-archive,,!offer:moralis-business-full-archive,,,,,,,mainnet,,,,,,,,,,,,,,,,
moralis-mainnet-free-full-archive,,!offer:moralis-free-full-archive,,,,,,,mainnet,,,,,,,,,,,,,,,,
moralis-mainnet-indexer-business,,!offer:moralis-indexer-business,,,,,,,mainnet,,,,,,,,,,,,,,,,
moralis-mainnet-indexer-free,,!offer:moralis-indexer-free,,,,,,,mainnet,,,,,,,,,,,,,,,,
moralis-mainnet-indexer-pro,,!offer:moralis-indexer-pro,,,,,,,mainnet,,,,,,,,,,,,,,,,
moralis-mainnet-indexer-starter,,!offer:moralis-indexer-starter,,,,,,,mainnet,,,,,,,,,,,,,,,,
moralis-mainnet-pro-full-archive,,!offer:moralis-pro-full-archive,,,,,,,mainnet,,,,,,,,,,,,,,,,
moralis-mainnet-starter-full-archive,,!offer:moralis-starter-full-archive,,,,,,,mainnet,,,,,,,,,,,,,,,,
moralis-testnet-business-full-archive,,!offer:moralis-business-full-archive,,,,,,,testnet,,,,,,,,,,,,,,,,
moralis-testnet-free-full-archive,,!offer:moralis-free-full-archive,,,,,,,testnet,,,,,,,,,,,,,,,,
moralis-testnet-indexer-business,,!offer:moralis-indexer-business,,,,,,,testnet,,,,,,,,,,,,,,,,
moralis-testnet-indexer-free,,!offer:moralis-indexer-free,,,,,,,testnet,,,,,,,,,,,,,,,,
moralis-testnet-indexer-pro,,!offer:moralis-indexer-pro,,,,,,,testnet,,,,,,,,,,,,,,,,
moralis-testnet-indexer-starter,,!offer:moralis-indexer-starter,,,,,,,testnet,,,,,,,,,,,,,,,,
moralis-testnet-pro-full-archive,,!offer:moralis-pro-full-archive,,,,,,,testnet,,,,,,,,,,,,,,,,
moralis-testnet-starter-full-archive,,!offer:moralis-starter-full-archive,,,,,,,testnet,,,,,,,,,,,,,,,,
node-real-mainnet-business-full-archive,,!offer:node-real-business-full-archive,"[""[Buy](https://nodereal.io/pricing)"",""[Docs](https://docs.nodereal.io/reference/eth-accounts-bnb-chain)""]",,,,,,mainnet,,,,,,,,,,,,,,,,
node-real-mainnet-business-recent-state,,!offer:node-real-business-recent-state,"[""[Buy](https://nodereal.io/pricing)"",""[Docs](https://docs.nodereal.io/reference/eth-accounts-bnb-chain)""]",,,,,,mainnet,,,,,,,,,,,,,,,,
node-real-mainnet-free,NodeReal,,"[""[Website](https://nodereal.io/api-marketplace/graphql-pancakeswap-free)""]",Free,Free,Archive,Indexed Data,Custom,mainnet,$0,,FALSE,TRUE,"[""PancakeFactory"",""Bundle"",""Token"",""Pair"",""PancakeDayData"",""PairDayData"",""PairHourData""]","[""200 queries/day"",""100M CUs"",""300 CUPS""]","[""NodeReal's quota and rate limits""]","[""Platform overview"",""Token tracking"",""Pair analysis""]","[""Global""]","[""Performance Boosts"",""Data Query Types"",""Supported Use Cases""]",null,,99.80%,,,
node-real-mainnet-free-full-archive,,!offer:node-real-free-full-archive,"[""[Website](https://nodereal.io/api-marketplace/bsc-rpc)"",""[Docs](https://docs.nodereal.io/reference/eth-accounts-bnb-chain)""]",,,,,,mainnet,,,,,,,,,,,,,,,,
node-real-mainnet-free-recent-state,,!offer:node-real-free-recent-state,"[""[Website](https://nodereal.io/api-marketplace/bsc-rpc)"",""[Docs](https://docs.nodereal.io/reference/eth-accounts-bnb-chain)""]",,,,,,mainnet,,,,,,,,,,,,,,,,
node-real-mainnet-growth-full-archive,,!offer:node-real-growth-full-archive,"[""[Buy](https://nodereal.io/pricing)"",""[Docs](https://docs.nodereal.io/reference/eth-accounts-bnb-chain)""]",,,,,,mainnet,,,,,,,,,,,,,,,,
node-real-mainnet-growth-recent-state,,!offer:node-real-growth-recent-state,"[""[Buy](https://nodereal.io/pricing)"",""[Docs](https://docs.nodereal.io/reference/eth-accounts-bnb-chain)""]",,,,,,mainnet,,,,,,,,,,,,,,,,
node-real-mainnet-premium,NodeReal,,"[""[Website](https://nodereal.io/api-marketplace/graphql-pancakeswap)""]",Premium,Tiered,Archive,Indexed Data,Custom,mainnet,$299/mo,,FALSE,FALSE,"[""PancakeFactory"",""Bundle"",""Token"",""Pair"",""PancakeDayData"",""PairDayData"",""PairHourData""]","[""20K queries/day""]","[""NodeReal's quota and rate limits""]","[""Platform overview"",""Token tracking"",""Pair analysis""]","[""Global""]","[""Performance Boosts"",""Data Query Types"",""Supported Use Cases""]",null,,99.80%,,,
node-real-mainnet-team-full-archive,,!offer:node-real-team-full-archive,"[""[Buy](https://nodereal.io/pricing)"",""[Docs](https://docs.nodereal.io/reference/eth-accounts-bnb-chain)""]",,,,,,mainnet,,,,,,,,,,,,,,,,
node-real-mainnet-team-recent-state,,!offer:node-real-team-recent-state,"[""[Buy](https://nodereal.io/pricing)"",""[Docs](https://docs.nodereal.io/reference/eth-accounts-bnb-chain)""]",,,,,,mainnet,,,,,,,,,,,,,,,,
node-real-testnet-business-full-archive,,!offer:node-real-business-full-archive,"[""[Buy](https://nodereal.io/pricing)"",""[Docs](https://docs.nodereal.io/reference/eth-accounts-bnb-chain)""]",,,,,,testnet,,,,,,,,,,,,,,,,
node-real-testnet-business-recent-state,,!offer:node-real-business-recent-state,"[""[Buy](https://nodereal.io/pricing)"",""[Docs](https://docs.nodereal.io/reference/eth-accounts-bnb-chain)""]",,,,,,testnet,,,,,,,,,,,,,,,,
node-real-testnet-free-full-archive,,!offer:node-real-free-full-archive,"[""[Website](https://nodereal.io/api-marketplace/bsc-rpc)"",""[Docs](https://docs.nodereal.io/reference/eth-accounts-bnb-chain)""]",,,,,,testnet,,,,,,,,,,,,,,,,
node-real-testnet-free-recent-state,,!offer:node-real-free-recent-state,"[""[Website](https://nodereal.io/api-marketplace/bsc-rpc)"",""[Docs](https://docs.nodereal.io/reference/eth-accounts-bnb-chain)""]",,,,,,testnet,,,,,,,,,,,,,,,,
node-real-testnet-growth-full-archive,,!offer:node-real-growth-full-archive,"[""[Buy](https://nodereal.io/pricing)"",""[Docs](https://docs.nodereal.io/reference/eth-accounts-bnb-chain)""]",,,,,,testnet,,,,,,,,,,,,,,,,
node-real-testnet-growth-recent-state,,!offer:node-real-growth-recent-state,"[""[Buy](https://nodereal.io/pricing)"",""[Docs](https://docs.nodereal.io/reference/eth-accounts-bnb-chain)""]",,,,,,testnet,,,,,,,,,,,,,,,,
node-real-testnet-team-full-archive,,!offer:node-real-team-full-archive,"[""[Buy](https://nodereal.io/pricing)"",""[Docs](https://docs.nodereal.io/reference/eth-accounts-bnb-chain)""]",,,,,,testnet,,,,,,,,,,,,,,,,
node-real-testnet-team-recent-state,,!offer:node-real-team-recent-state,"[""[Buy](https://nodereal.io/pricing)"",""[Docs](https://docs.nodereal.io/reference/eth-accounts-bnb-chain)""]",,,,,,testnet,,,,,,,,,,,,,,,,
nodit-mainnet-business-full-archive,,!offer:nodit-business-full-archive,"[""[Docs](https://developer.nodit.io/en/api/bnb/node-api/eth_blocknumber/)""]",,,,,,mainnet,,,,,,,,,,,,,,,,
nodit-mainnet-business-recent-state,,!offer:nodit-business-recent-state,"[""[Docs](https://developer.nodit.io/en/api/bnb/node-api/eth_blocknumber/)""]",,,,,,mainnet,,,,,,,,,,,,,,,,
nodit-mainnet-dedicated-full-archive,,!offer:nodit-dedicated-full-archive,"[""[Docs](https://developer.nodit.io/en/api/bnb/node-api/eth_blocknumber/)""]",,,,,,mainnet,,,,,,,,,,,,,,,,
nodit-mainnet-dedicated-recent-state,,!offer:nodit-dedicated-recent-state,"[""[Docs](https://developer.nodit.io/en/api/bnb/node-api/eth_blocknumber/)""]",,,,,,mainnet,,,,,,,,,,,,,,,,
nodit-mainnet-developer-full-archive,,!offer:nodit-developer-full-archive,"[""[Docs](https://developer.nodit.io/en/api/bnb/node-api/eth_blocknumber/)""]",,,,,,mainnet,,,,,,,,,,,,,,,,
nodit-mainnet-developer-recent-state,,!offer:nodit-developer-recent-state,"[""[Docs](https://developer.nodit.io/en/api/bnb/node-api/eth_blocknumber/)""]",,,,,,mainnet,,,,,,,,,,,,,,,,
nodit-mainnet-starter-full-archive,,!offer:nodit-starter-full-archive,"[""[Docs](https://developer.nodit.io/en/api/bnb/node-api/eth_blocknumber/)""]",,,,,,mainnet,,,,,,,,,,,,,,,,
nodit-mainnet-starter-plus-full-archive,,!offer:nodit-starter-plus-full-archive,"[""[Docs](https://developer.nodit.io/en/api/bnb/node-api/eth_blocknumber/)""]",,,,,,mainnet,,,,,,,,,,,,,,,,
nodit-mainnet-starter-plus-recent-state,,!offer:nodit-starter-plus-recent-state,"[""[Docs](https://developer.nodit.io/en/api/bnb/node-api/eth_blocknumber/)""]",,,,,,mainnet,,,,,,,,,,,,,,,,
nodit-mainnet-starter-recent-state,,!offer:nodit-starter-recent-state,"[""[Docs](https://developer.nodit.io/en/api/bnb/node-api/eth_blocknumber/)""]",,,,,,mainnet,,,,,,,,,,,,,,,,
nodit-testnet-business-full-archive,,!offer:nodit-business-full-archive,"[""[Docs](https://developer.nodit.io/en/api/bnb/node-api/eth_blocknumber/)""]",,,,,,testnet,,,,,,,,,,,,,,,,
nodit-testnet-business-recent-state,,!offer:nodit-business-recent-state,"[""[Docs](https://developer.nodit.io/en/api/bnb/node-api/eth_blocknumber/)""]",,,,,,testnet,,,,,,,,,,,,,,,,
nodit-testnet-dedicated-full-archive,,!offer:nodit-dedicated-full-archive,"[""[Docs](https://developer.nodit.io/en/api/bnb/node-api/eth_blocknumber/)""]",,,,,,testnet,,,,,,,,,,,,,,,,
nodit-testnet-dedicated-recent-state,,!offer:nodit-dedicated-recent-state,"[""[Docs](https://developer.nodit.io/en/api/bnb/node-api/eth_blocknumber/)""]",,,,,,testnet,,,,,,,,,,,,,,,,
nodit-testnet-developer-full-archive,,!offer:nodit-developer-full-archive,"[""[Docs](https://developer.nodit.io/en/api/bnb/node-api/eth_blocknumber/)""]",,,,,,testnet,,,,,,,,,,,,,,,,
nodit-testnet-developer-recent-state,,!offer:nodit-developer-recent-state,"[""[Docs](https://developer.nodit.io/en/api/bnb/node-api/eth_blocknumber/)""]",,,,,,testnet,,,,,,,,,,,,,,,,
nodit-testnet-starter-full-archive,,!offer:nodit-starter-full-archive,"[""[Docs](https://developer.nodit.io/en/api/bnb/node-api/eth_blocknumber/)""]",,,,,,testnet,,,,,,,,,,,,,,,,
nodit-testnet-starter-plus-full-archive,,!offer:nodit-starter-plus-full-archive,"[""[Docs](https://developer.nodit.io/en/api/bnb/node-api/eth_blocknumber/)""]",,,,,,testnet,,,,,,,,,,,,,,,,
nodit-testnet-starter-plus-recent-state,,!offer:nodit-starter-plus-recent-state,"[""[Docs](https://developer.nodit.io/en/api/bnb/node-api/eth_blocknumber/)""]",,,,,,testnet,,,,,,,,,,,,,,,,
nodit-testnet-starter-recent-state,,!offer:nodit-starter-recent-state,"[""[Docs](https://developer.nodit.io/en/api/bnb/node-api/eth_blocknumber/)""]",,,,,,testnet,,,,,,,,,,,,,,,,
noves-mainnet-business-custom,,!offer:noves-business-custom,"[""[Docs](https://docs.noves.fi/reference/supported-chains)""]",,,,,,mainnet,,,,,,,,,,,,,,,,
noves-mainnet-developer-custom,,!offer:noves-developer-custom,"[""[Docs](https://docs.noves.fi/reference/supported-chains)""]",,,,,,mainnet,,,,,,,,,,,,,,,,
noves-mainnet-free-custom,,!offer:noves-free-custom,"[""[Docs](https://docs.noves.fi/reference/supported-chains)""]",,,,,,mainnet,,,,,,,,,,,,,,,,
nownodes-mainnet-business-recent-state,,!offer:nownodes-business-recent-state,"[""[Buy](https://nownodes.io/pricing)""]",,,,,,mainnet,,,,,,,,,,,,,,,,
nownodes-mainnet-dedicated-recent-state,,!offer:nownodes-dedicated-recent-state,"[""[Contact](https://account.nownodes.io/auth/login)""]",,,,,,mainnet,,,,,,,,,,,,,,,,
nownodes-mainnet-enterprise-recent-state,,!offer:nownodes-enterprise-recent-state,"[""[Buy](https://nownodes.io/pricing)""]",,,,,,mainnet,,,,,,,,,,,,,,,,
nownodes-mainnet-free-recent-state,,!offer:nownodes-free-recent-state,"[""[Website](https://nownodes.io/nodes/bnb-smart-chain-bsc)""]",,,,,,mainnet,,,,,,,,,,,,,,,,
nownodes-mainnet-pro-recent-state,,!offer:nownodes-pro-recent-state,"[""[Buy](https://nownodes.io/pricing)""]",,,,,,mainnet,,,,,,,,,,,,,,,,
nownodes-testnet-business-recent-state,,!offer:nownodes-business-recent-state,"[""[Buy](https://nownodes.io/pricing)""]",,,,,,testnet,,,,,,,,,,,,,,,,
nownodes-testnet-dedicated-recent-state,,!offer:nownodes-dedicated-recent-state,"[""[Contact](https://account.nownodes.io/auth/login)""]",,,,,,testnet,,,,,,,,,,,,,,,,
nownodes-testnet-enterprise-recent-state,,!offer:nownodes-enterprise-recent-state,"[""[Buy](https://nownodes.io/pricing)""]",,,,,,testnet,,,,,,,,,,,,,,,,
nownodes-testnet-free-recent-state,,!offer:nownodes-free-recent-state,"[""[Website](https://nownodes.io/nodes/bnb-smart-chain-bsc)""]",,,,,,testnet,,,,,,,,,,,,,,,,
nownodes-testnet-pro-recent-state,,!offer:nownodes-pro-recent-state,"[""[Buy](https://nownodes.io/pricing)""]",,,,,,testnet,,,,,,,,,,,,,,,,
onfinality-mainnet-accelerate-full-archive,,!offer:onfinality-accelerate-full-archive,"[""[Buy](https://onfinality.io/en/pricing)"",""[Docs](https://onfinality.io/en/networks/bnb)""]",,,,,,mainnet,,,,,,,,,,,,,,,,
onfinality-mainnet-accelerate-trace,,!offer:onfinality-accelerate-trace,"[""[Buy](https://onfinality.io/en/pricing)"",""[Docs](https://onfinality.io/en/networks/bnb)""]",,,,,,mainnet,,,,,,,,,,,,,,,,
onfinality-mainnet-developer-full-archive,,!offer:onfinality-developer-full-archive,"[""[Website](https://onfinality.io/en/networks/bnb)"",""[Docs](https://onfinality.io/en/networks/bnb)""]",,,,,,mainnet,,,,,,,,,,,,,,,,
onfinality-mainnet-free-plan-indexer,,!offer:onfinality-free-plan-indexer,"[""[Website](https://onfinality.io/en/networks/bnb)"",""[Docs](https://onfinality.io/en/networks/bnb)""]",,,,,,mainnet,,,,,,,,,,,,,,,,
onfinality-mainnet-growth-full-archive,,!offer:onfinality-growth-full-archive,"[""[Buy](https://onfinality.io/en/pricing)"",""[Docs](https://onfinality.io/en/networks/bnb)""]",,,,,,mainnet,,,,,,,,,,,,,,,,
onfinality-mainnet-growth-trace,,!offer:onfinality-growth-trace,"[""[Buy](https://onfinality.io/en/pricing)"",""[Docs](https://onfinality.io/en/networks/bnb)""]",,,,,,mainnet,,,,,,,,,,,,,,,,
onfinality-mainnet-standard-plan-indexer,,!offer:onfinality-standard-plan-indexer,"[""[Buy](https://indexing.onfinality.io/en/pricing)"",""[Docs](https://documentation.onfinality.io/support/pricing)""]",,,,,,mainnet,,,,,,,,,,,,,,,,
onfinality-testnet-accelerate-full-archive,,!offer:onfinality-accelerate-full-archive,"[""[Buy](https://onfinality.io/en/pricing)"",""[Docs](https://onfinality.io/en/networks/bnb)""]",,,,,,testnet,,,,,,,,,,,,,,,,
onfinality-testnet-accelerate-trace,,!offer:onfinality-accelerate-trace,"[""[Buy](https://onfinality.io/en/pricing)"",""[Docs](https://onfinality.io/en/networks/bnb)""]",,,,,,testnet,,,,,,,,,,,,,,,,
onfinality-testnet-developer-full-archive,,!offer:onfinality-developer-full-archive,"[""[Website](https://onfinality.io/en/networks/bnb)"",""[Docs](https://onfinality.io/en/networks/bnb)""]",,,,,,testnet,,,,,,,,,,,,,,,,
onfinality-testnet-free-plan-indexer,,!offer:onfinality-free-plan-indexer,"[""[Website](https://onfinality.io/en/networks/bnb)"",""[Docs](https://onfinality.io/en/networks/bnb)""]",,,,,,testnet,,,,,,,,,,,,,,,,
onfinality-testnet-growth-full-archive,,!offer:onfinality-growth-full-archive,"[""[Buy](https://onfinality.io/en/pricing)"",""[Docs](https://onfinality.io/en/networks/bnb)""]",,,,,,testnet,,,,,,,,,,,,,,,,
onfinality-testnet-growth-trace,,!offer:onfinality-growth-trace,"[""[Buy](https://onfinality.io/en/pricing)"",""[Docs](https://onfinality.io/en/networks/bnb)""]",,,,,,testnet,,,,,,,,,,,,,,,,
quicknode-mainnet-accelerate-full-archive,,!offer:quicknode-accelerate-full-archive,,,,,,,mainnet,,,,,,,,,,,,,,,,
quicknode-mainnet-accelerate-recent-state,,!offer:quicknode-accelerate-recent-state,,,,,,,mainnet,,,,,,,,,,,,,,,,
quicknode-mainnet-build-full-archive,,!offer:quicknode-build-full-archive,,,,,,,mainnet,,,,,,,,,,,,,,,,
quicknode-mainnet-build-recent-state,,!offer:quicknode-build-recent-state,,,,,,,mainnet,,,,,,,,,,,,,,,,
quicknode-mainnet-business-full-archive,,!offer:quicknode-business-full-archive,,,,,,,mainnet,,,,,,,,,,,,,,,,
quicknode-mainnet-business-recent-state,,!offer:quicknode-business-recent-state,,,,,,,mainnet,,,,,,,,,,,,,,,,
quicknode-mainnet-scale-full-archive,,!offer:quicknode-scale-full-archive,,,,,,,mainnet,,,,,,,,,,,,,,,,
quicknode-mainnet-scale-recent-state,,!offer:quicknode-scale-recent-state,,,,,,,mainnet,,,,,,,,,,,,,,,,
quicknode-testnet-accelerate-full-archive,,!offer:quicknode-accelerate-full-archive,,,,,,,testnet,,,,,,,,,,,,,,,,
quicknode-testnet-accelerate-recent-state,,!offer:quicknode-accelerate-recent-state,,,,,,,testnet,,,,,,,,,,,,,,,,
quicknode-testnet-build-full-archive,,!offer:quicknode-build-full-archive,,,,,,,testnet,,,,,,,,,,,,,,,,
quicknode-testnet-build-recent-state,,!offer:quicknode-build-recent-state,,,,,,,testnet,,,,,,,,,,,,,,,,
quicknode-testnet-business-full-archive,,!offer:quicknode-business-full-archive,,,,,,,testnet,,,,,,,,,,,,,,,,
quicknode-testnet-business-recent-state,,!offer:quicknode-business-recent-state,,,,,,,testnet,,,,,,,,,,,,,,,,
quicknode-testnet-scale-full-archive,,!offer:quicknode-scale-full-archive,,,,,,,testnet,,,,,,,,,,,,,,,,
quicknode-testnet-scale-recent-state,,!offer:quicknode-scale-recent-state,,,,,,,testnet,,,,,,,,,,,,,,,,
spectrum-mainnet-business-full-archive,,!offer:spectrum-business-full-archive,"[""[Website](https://spectrumnodes.com/networks/bsc-rpc)""]",,,,,,mainnet,,,,,,,,,,,,,,,,
spectrum-mainnet-business-recent-state,,!offer:spectrum-business-recent-state,"[""[Website](https://spectrumnodes.com/networks/bsc-rpc)""]",,,,,,mainnet,,,,,,,,,,,,,,,,
spectrum-mainnet-business-trace,,!offer:spectrum-business-trace,"[""[Website](https://spectrumnodes.com/networks/bsc-rpc)""]",,,,,,mainnet,,,,,,,,,,,,,,,,
spectrum-mainnet-developer-full-archive,,!offer:spectrum-developer-full-archive,"[""[Website](https://spectrumnodes.com/networks/bsc-rpc)""]",,,,,,mainnet,,,,,,,,,,,,,,,,
spectrum-mainnet-developer-recent-state,,!offer:spectrum-developer-recent-state,"[""[Website](https://spectrumnodes.com/networks/bsc-rpc)""]",,,,,,mainnet,,,,,,,,,,,,,,,,
spectrum-mainnet-developer-trace,,!offer:spectrum-developer-trace,"[""[Website](https://spectrumnodes.com/networks/bsc-rpc)""]",,,,,,mainnet,,,,,,,,,,,,,,,,
spectrum-mainnet-enterprise-full-archive,,!offer:spectrum-enterprise-full-archive,"[""[Website](https://spectrumnodes.com/networks/bsc-rpc)""]",,,,,,mainnet,,,,,,,,,,,,,,,,
spectrum-mainnet-enterprise-recent-state,,!offer:spectrum-enterprise-recent-state,"[""[Website](https://spectrumnodes.com/networks/bsc-rpc)""]",,,,,,mainnet,,,,,,,,,,,,,,,,
spectrum-mainnet-enterprise-trace,,!offer:spectrum-enterprise-trace,"[""[Website](https://spectrumnodes.com/networks/bsc-rpc)""]",,,,,,mainnet,,,,,,,,,,,,,,,,
spectrum-mainnet-free-full-archive,,!offer:spectrum-free-full-archive,"[""[Website](https://spectrumnodes.com/networks/bsc-rpc)""]",,,,,,mainnet,,,,,,,,,,,,,,,,
spectrum-mainnet-free-recent-state,,!offer:spectrum-free-recent-state,"[""[Website](https://spectrumnodes.com/networks/bsc-rpc)""]",,,,,,mainnet,,,,,,,,,,,,,,,,
spectrum-mainnet-free-trace,,!offer:spectrum-free-trace,"[""[Website](https://spectrumnodes.com/networks/bsc-rpc)""]",,,,,,mainnet,,,,,,,,,,,,,,,,
spectrum-testnet-business-full-archive,,!offer:spectrum-business-full-archive,"[""[Website](https://spectrumnodes.com/networks/bsc-rpc)""]",,,,,,testnet,,,,,,,,,,,,,,,,
spectrum-testnet-business-recent-state,,!offer:spectrum-business-recent-state,"[""[Website](https://spectrumnodes.com/networks/bsc-rpc)""]",,,,,,testnet,,,,,,,,,,,,,,,,
spectrum-testnet-business-trace,,!offer:spectrum-business-trace,"[""[Website](https://spectrumnodes.com/networks/bsc-rpc)""]",,,,,,testnet,,,,,,,,,,,,,,,,
spectrum-testnet-developer-full-archive,,!offer:spectrum-developer-full-archive,"[""[Website](https://spectrumnodes.com/networks/bsc-rpc)""]",,,,,,testnet,,,,,,,,,,,,,,,,
spectrum-testnet-developer-recent-state,,!offer:spectrum-developer-recent-state,"[""[Website](https://spectrumnodes.com/networks/bsc-rpc)""]",,,,,,testnet,,,,,,,,,,,,,,,,
spectrum-testnet-developer-trace,,!offer:spectrum-developer-trace,"[""[Website](https://spectrumnodes.com/networks/bsc-rpc)""]",,,,,,testnet,,,,,,,,,,,,,,,,
spectrum-testnet-enterprise-full-archive,,!offer:spectrum-enterprise-full-archive,"[""[Website](https://spectrumnodes.com/networks/bsc-rpc)""]",,,,,,testnet,,,,,,,,,,,,,,,,
spectrum-testnet-enterprise-recent-state,,!offer:spectrum-enterprise-recent-state,"[""[Website](https://spectrumnodes.com/networks/bsc-rpc)""]",,,,,,testnet,,,,,,,,,,,,,,,,
spectrum-testnet-enterprise-trace,,!offer:spectrum-enterprise-trace,"[""[Website](https://spectrumnodes.com/networks/bsc-rpc)""]",,,,,,testnet,,,,,,,,,,,,,,,,
spectrum-testnet-free-full-archive,,!offer:spectrum-free-full-archive,"[""[Website](https://spectrumnodes.com/networks/bsc-rpc)""]",,,,,,testnet,,,,,,,,,,,,,,,,
spectrum-testnet-free-recent-state,,!offer:spectrum-free-recent-state,"[""[Website](https://spectrumnodes.com/networks/bsc-rpc)""]",,,,,,testnet,,,,,,,,,,,,,,,,
spectrum-testnet-free-trace,,!offer:spectrum-free-trace,"[""[Website](https://spectrumnodes.com/networks/bsc-rpc)""]",,,,,,testnet,,,,,,,,,,,,,,,,
speedynodes-mainnet-advanced-full-archive,,!offer:speedynodes-advanced-full-archive,"[""[Docs](https://docs.speedynodes.com/networks/overview/)""]",,,,,,mainnet,,,,,,,,,,,,,,,,
speedynodes-mainnet-advanced-recent-state,,!offer:speedynodes-advanced-recent-state,"[""[Docs](https://docs.speedynodes.com/networks/overview/)""]",,,,,,mainnet,,,,,,,,,,,,,,,,
speedynodes-mainnet-dedicated-full-archive,,!offer:speedynodes-dedicated-full-archive,"[""[Docs](https://docs.speedynodes.com/networks/overview/)""]",,,,,,mainnet,,,,,,,,,,,,,,,,
speedynodes-mainnet-dedicated-recent-state,,!offer:speedynodes-dedicated-recent-state,"[""[Docs](https://docs.speedynodes.com/networks/overview/)""]",,,,,,mainnet,,,,,,,,,,,,,,,,
speedynodes-mainnet-free-full-archive,,!offer:speedynodes-free-full-archive,"[""[Docs](https://docs.speedynodes.com/networks/overview/)""]",,,,,,mainnet,,,,,,,,,,,,,,,,
speedynodes-mainnet-free-recent-state,,!offer:speedynodes-free-recent-state,"[""[Docs](https://docs.speedynodes.com/networks/overview/)""]",,,,,,mainnet,,,,,,,,,,,,,,,,
speedynodes-mainnet-pro-full-archive,,!offer:speedynodes-pro-full-archive,"[""[Docs](https://docs.speedynodes.com/networks/overview/)""]",,,,,,mainnet,,,,,,,,,,,,,,,,
speedynodes-mainnet-pro-recent-state,,!offer:speedynodes-pro-recent-state,"[""[Docs](https://docs.speedynodes.com/networks/overview/)""]",,,,,,mainnet,,,,,,,,,,,,,,,,
speedynodes-mainnet-scale-full-archive,,!offer:speedynodes-scale-full-archive,"[""[Docs](https://docs.speedynodes.com/networks/overview/)""]",,,,,,mainnet,,,,,,,,,,,,,,,,
speedynodes-mainnet-scale-recent-state,,!offer:speedynodes-scale-recent-state,"[""[Docs](https://docs.speedynodes.com/networks/overview/)""]",,,,,,mainnet,,,,,,,,,,,,,,,,
speedynodes-mainnet-starter-full-archive,,!offer:speedynodes-starter-full-archive,"[""[Docs](https://docs.speedynodes.com/networks/overview/)""]",,,,,,mainnet,,,,,,,,,,,,,,,,
speedynodes-mainnet-starter-recent-state,,!offer:speedynodes-starter-recent-state,"[""[Docs](https://docs.speedynodes.com/networks/overview/)""]",,,,,,mainnet,,,,,,,,,,,,,,,,
subquery-mainnet-pay-as-you-go-indexer,,!offer:subquery-pay-as-you-go-indexer,"[""[Website](https://subquery.network/indexer/bnb-smart-chain)"",""[Docs](https://subquery.network/doc/indexer/quickstart/quickstart_chains/bsc.html)""]",,,,,,mainnet,,,,,,,,,,,,,,,,
tatum-mainnet-free-recent-state,,!offer:tatum-free-recent-state,"[""[Website](https://www.tatum.io?via=chainlove)"",""[Docs](https://docs.tatum.io/reference/rpc-bsc)""]",,,,,,mainnet,,,,,,,,,,,,,,,,
tatum-mainnet-pro-full-archive,,!offer:tatum-pro-full-archive,"[""[Buy](https://www.tatum.io?via=chainlove)"",""[Docs](https://docs.tatum.io/reference/rpc-bsc)""]",,,,,,mainnet,,,,,,,,,,,,,,,,
tatum-mainnet-pro-recent-state,,!offer:tatum-pro-recent-state,"[""[Buy](https://www.tatum.io?via=chainlove)"",""[Docs](https://docs.tatum.io/reference/rpc-bsc)""]",,,,,,mainnet,,,,,,,,,,,,,,,,
tatum-mainnet-scale-full-archive,,!offer:tatum-scale-full-archive,"[""[Buy](https://www.tatum.io?via=chainlove)"",""[Docs](https://docs.tatum.io/reference/rpc-bsc)""]",,,,,,mainnet,,,,,,,,,,,,,,,,
tatum-mainnet-scale-recent-state,,!offer:tatum-scale-recent-state,"[""[Buy](https://www.tatum.io?via=chainlove)"",""[Docs](https://docs.tatum.io/reference/rpc-bsc)""]",,,,,,mainnet,,,,,,,,,,,,,,,,
tatum-mainnet-starter-full-archive,,!offer:tatum-starter-full-archive,"[""[Buy](https://www.tatum.io?via=chainlove)"",""[Docs](https://docs.tatum.io/reference/rpc-bsc)""]",,,,,,mainnet,,,,,,,,,,,,,,,,
tatum-mainnet-starter-recent-state,,!offer:tatum-starter-recent-state,"[""[Buy](https://www.tatum.io?via=chainlove)"",""[Docs](https://docs.tatum.io/reference/rpc-bsc)""]",,,,,,mainnet,,,,,,,,,,,,,,,,
tatum-testnet-free-recent-state,,!offer:tatum-free-recent-state,"[""[Website](https://www.tatum.io?via=chainlove)"",""[Docs](https://docs.tatum.io/reference/rpc-bsc)""]",,,,,,testnet,,,,,,,,,,,,,,,,
tatum-testnet-pro-full-archive,,!offer:tatum-pro-full-archive,"[""[Buy](https://www.tatum.io?via=chainlove)"",""[Docs](https://docs.tatum.io/reference/rpc-bsc)""]",,,,,,testnet,,,,,,,,,,,,,,,,
tatum-testnet-pro-recent-state,,!offer:tatum-pro-recent-state,"[""[Buy](https://www.tatum.io?via=chainlove)"",""[Docs](https://docs.tatum.io/reference/rpc-bsc)""]",,,,,,testnet,,,,,,,,,,,,,,,,
tatum-testnet-scale-full-archive,,!offer:tatum-scale-full-archive,"[""[Buy](https://www.tatum.io?via=chainlove)"",""[Docs](https://docs.tatum.io/reference/rpc-bsc)""]",,,,,,testnet,,,,,,,,,,,,,,,,
tatum-testnet-scale-recent-state,,!offer:tatum-scale-recent-state,"[""[Buy](https://www.tatum.io?via=chainlove)"",""[Docs](https://docs.tatum.io/reference/rpc-bsc)""]",,,,,,testnet,,,,,,,,,,,,,,,,
tatum-testnet-starter-full-archive,,!offer:tatum-starter-full-archive,"[""[Buy](https://www.tatum.io?via=chainlove)"",""[Docs](https://docs.tatum.io/reference/rpc-bsc)""]",,,,,,testnet,,,,,,,,,,,,,,,,
tatum-testnet-starter-recent-state,,!offer:tatum-starter-recent-state,"[""[Buy](https://www.tatum.io?via=chainlove)"",""[Docs](https://docs.tatum.io/reference/rpc-bsc)""]",,,,,,testnet,,,,,,,,,,,,,,,,
thirdweb-mainnet-dedicated-recent-state,,!offer:thirdweb-dedicated-recent-state,,,,,,,mainnet,,,,,,,,,,,,,,,,
thirdweb-mainnet-growth-indexer,,!offer:thirdweb-growth-indexer,,,,,,,mainnet,,,,,,,,,,,,,,,,
thirdweb-mainnet-growth-recent-state,,!offer:thirdweb-growth-recent-state,,,,,,,mainnet,,,,,,,,,,,,,,,,
thirdweb-mainnet-scale-indexer,,!offer:thirdweb-scale-indexer,,,,,,,mainnet,,,,,,,,,,,,,,,,
thirdweb-mainnet-scale-recent-state,,!offer:thirdweb-scale-recent-state,,,,,,,mainnet,,,,,,,,,,,,,,,,
thirdweb-mainnet-starter-indexer,,!offer:thirdweb-starter-indexer,,,,,,,mainnet,,,,,,,,,,,,,,,,
thirdweb-mainnet-starter-recent-state,,!offer:thirdweb-starter-recent-state,,,,,,,mainnet,,,,,,,,,,,,,,,,
thirdweb-testnet-dedicated-recent-state,,!offer:thirdweb-dedicated-recent-state,,,,,,,testnet,,,,,,,,,,,,,,,,
thirdweb-testnet-growth-recent-state,,!offer:thirdweb-growth-recent-state,,,,,,,testnet,,,,,,,,,,,,,,,,
thirdweb-testnet-scale-recent-state,,!offer:thirdweb-scale-recent-state,,,,,,,testnet,,,,,,,,,,,,,,,,
thirdweb-testnet-starter-recent-state,,!offer:thirdweb-starter-recent-state,,,,,,,testnet,,,,,,,,,,,,,,,,
uniblock-mainnet-business-custom,,!offer:uniblock-business-custom,,,,,,,mainnet,,,,,,,,,,,,,,,,
uniblock-mainnet-dedicated-custom,,!offer:uniblock-dedicated-custom,,,,,,,mainnet,,,,,,,,,,,,,,,,
uniblock-mainnet-growth-custom,,!offer:uniblock-growth-custom,,,,,,,mainnet,,,,,,,,,,,,,,,,
uniblock-mainnet-pro-custom,,!offer:uniblock-pro-custom,,,,,,,mainnet,,,,,,,,,,,,,,,,
uniblock-mainnet-startup-custom,,!offer:uniblock-startup-custom,,,,,,,mainnet,,,,,,,,,,,,,,,,
uniblock-testnet-business-custom,,!offer:uniblock-business-custom,,,,,,,testnet,,,,,,,,,,,,,,,,
uniblock-testnet-dedicated-custom,,!offer:uniblock-dedicated-custom,,,,,,,testnet,,,,,,,,,,,,,,,,
uniblock-testnet-growth-custom,,!offer:uniblock-growth-custom,,,,,,,testnet,,,,,,,,,,,,,,,,
uniblock-testnet-pro-custom,,!offer:uniblock-pro-custom,,,,,,,testnet,,,,,,,,,,,,,,,,
uniblock-testnet-startup-custom,,!offer:uniblock-startup-custom,,,,,,,testnet,,,,,,,,,,,,,,,,
watchdata-mainnet-business-full-archive,,!offer:watchdata-business-full-archive,"[""[Website](https://bsc.api.watchdata.io/node/jsonrpc)""]",,,,,,mainnet,,,,,,,,,,,,,,,,
watchdata-mainnet-business-recent-state,,!offer:watchdata-business-recent-state,"[""[Website](https://bsc.api.watchdata.io/node/jsonrpc)""]",,,,,,mainnet,,,,,,,,,,,,,,,,
watchdata-mainnet-free-full-archive,,!offer:watchdata-free-full-archive,"[""[Website](https://bsc.api.watchdata.io/node/jsonrpc)""]",,,,,,mainnet,,,,,,,,,,,,,,,,
watchdata-mainnet-free-recent-state,,!offer:watchdata-free-recent-state,"[""[Website](https://bsc.api.watchdata.io/node/jsonrpc)""]",,,,,,mainnet,,,,,,,,,,,,,,,,
watchdata-mainnet-production-full-archive,,!offer:watchdata-production-full-archive,"[""[Website](https://bsc.api.watchdata.io/node/jsonrpc)""]",,,,,,mainnet,,,,,,,,,,,,,,,,
watchdata-mainnet-production-recent-state,,!offer:watchdata-production-recent-state,"[""[Website](https://bsc.api.watchdata.io/node/jsonrpc)""]",,,,,,mainnet,,,,,,,,,,,,,,,,
watchdata-mainnet-startup-full-archive,,!offer:watchdata-startup-full-archive,"[""[Website](https://bsc.api.watchdata.io/node/jsonrpc)""]",,,,,,mainnet,,,,,,,,,,,,,,,,
watchdata-mainnet-startup-recent-state,,!offer:watchdata-startup-recent-state,"[""[Website](https://bsc.api.watchdata.io/node/jsonrpc)""]",,,,,,mainnet,,,,,,,,,,,,,,,,
zerion-mainnet-builder-indexer,,!offer:zerion-builder-indexer,,,,,,,mainnet,,,,,,,,,,,,,,,,
zerion-mainnet-developer-indexer,,!offer:zerion-developer-indexer,,,,,,,mainnet,,,,,,,,,,,,,,,,
zerion-mainnet-enterprise-indexer,,!offer:zerion-enterprise-indexer,,,,,,,mainnet,,,,,,,,,,,,,,,,
zerion-mainnet-growth-indexer,,!offer:zerion-growth-indexer,,,,,,,mainnet,,,,,,,,,,,,,,,,
zerion-mainnet-startup-indexer,,!offer:zerion-startup-indexer,,,,,,,mainnet,,,,,,,,,,,,,,,,
